,Ticker,Empty,Close Price,Vol,Change Val,Change %,No of Trades,Vol Traded,Price Offerx,Best Bid Vol,Best Bid Price,Links
0,SARCO,,44.25,200,0.21,0.48,555,"281,005",44.20,"7,109",44.30,/wps/portal/tadawul/market-participants/issuers/issuers-directory/company-details/!ut/p/z1/04_Sj9CPykssy0xPLMnMz0vMAfIjo8zi_Tx8nD0MLIy83V1DjA0czVx8nYP8PI0MDAz0I4EKzBEKDEJDLYEKjJ0DA11MjQzcTfW99KPSc_KTIGZllJQUWKkaqBqUJKYklpfmqBroRyXn5xYk5lUGV-Ym5QMVGRkYG-iHEzK1IDsop6zSUREAbm86Ww!!/
1,Bahri,,31.00,"2,000",-0.10,-0.32,445,"482,110",30.95,"15,575",31.00,/wps/portal/tadawul/market-participants/issuers/issuers-directory/company-details/!ut/p/z1/04_Sj9CPykssy0xPLMnMz0vMAfIjo8zi_Tx8nD0MLIy83V1DjA0czVx8nYP8PI0MDAz0I4EKzBEKDEJDLYEKjJ0DA11MjQzcTfW99KPSc_KTIGZllJQUWKkaqBqUJKYklpfmqBroRyXn5xYk5lUGV-Ym5QMVmRgYG-iHEzK1IDsop6zSUREARTD-gA!!/
2,Petro Rabigh,,29.40,531,0.01,0.03,839,"902,054",29.40,"45,467",29.50,/wps/portal/tadawul/market-participants/issuers/issuers-directory/company-details/!ut/p/z1/04_Sj9CPykssy0xPLMnMz0vMAfIjo8zi_Tx8nD0MLIy83V1DjA0czVx8nYP8PI0MDAz0I4EKzBEKDEJDLYEKjJ0DA11MjQzcTfW99KPSc_KTIGZllJQUWKkaqBqUJKYklpfmqBroRyXn5xYk5lUGV-Ym5QMVGRlbGOiHEzK1IDsop6zSUREADJy5kA!!/
3,Aldrees,,29.15,675,0.21,0.73,611,"419,830",29.15,"5,082",29.20,/wps/portal/tadawul/market-participants/issuers/issuers-directory/company-details/!ut/p/z1/04_Sj9CPykssy0xPLMnMz0vMAfIjo8zi_Tx8nD0MLIy83V1DjA0czVx8nYP8PI0MDAz0I4EKzBEKDEJDLYEKjJ0DA11MjQzcTfW99KPSc_KTIGZllJQUWKkaqBqUJKYklpfmqBroRyXn5xYk5lUGV-Ym5QMVmQCN1Q8nZGpBdlBOWaWjIgA6Ltti/
4,Takween,,9.72,"1,500",0.04,0.41,200,"278,038",9.72,"8,520",9.73,/wps/portal/tadawul/market-participants/issuers/issuers-directory/company-details/!ut/p/z1/04_Sj9CPykssy0xPLMnMz0vMAfIjo8zi_Tx8nD0MLIy83V1DjA0czVx8nYP8PI0MDAz0I4EKzBEKDEJDLYEKjJ0DA11MjQzcTfW99KPSc_KTIGZllJQUWKkaqBqUJKYklpfmqBroRyXn5xYk5lUGV-Ym5QMVGRoZGOqHEzK1IDsop6zSUREAXytWfg!!/
5,BCI,,24.38,557,-0.05,-0.20,133,"80,736",24.32,"1,001",24.38,/wps/portal/tadawul/market-participants/issuers/issuers-directory/company-details/!ut/p/z1/04_Sj9CPykssy0xPLMnMz0vMAfIjo8zi_Tx8nD0MLIy83V1DjA0czVx8nYP8PI0MDAz0I4EKzBEKDEJDLYEKjJ0DA11MjQzcTfW99KPSc_KTIGZllJQUWKkaqBqUJKYklpfmqBroRyXn5xYk5lUGV-Ym5QMVGRoZGuiHEzK1IDsop6zSUREAxuVtEw!!/
6,ASLAK,,16.52,980,0.07,0.43,500,"621,955",16.52,"12,477",16.54,/wps/portal/tadawul/market-participants/issuers/issuers-directory/company-details/!ut/p/z1/04_Sj9CPykssy0xPLMnMz0vMAfIjo8zi_Tx8nD0MLIy83V1DjA0czVx8nYP8PI0MDAz0I4EKzBEKDEJDLYEKjJ0DA11MjQzcTfW99KPSc_KTIGZllJQUWKkaqBqUJKYklpfmqBroRyXn5xYk5lUGV-Ym5QMVGRobGOqHEzK1IDsop6zSUREAEwPA3Q!!/
7,SSP,,21.86,"1,000",0.08,0.37,244,"165,204",21.84,"11,669",21.90,/wps/portal/tadawul/market-participants/issuers/issuers-directory/company-details/!ut/p/z1/04_Sj9CPykssy0xPLMnMz0vMAfIjo8zi_Tx8nD0MLIy83V1DjA0czVx8nYP8PI0MDAz0I4EKzBEKDEJDLYEKjJ0DA11MjQzcTfW99KPSc_KTIGZllJQUWKkaqBqUJKYklpfmqBroRyXn5xYk5lUGV-Ym5QMVGRobGeiHEzK1IDsop6zSUREALIWDzg!!/
8,Petrochem,,27.25,44,-0.20,-0.73,275,"325,516",27.25,"3,826",27.30,/wps/portal/tadawul/market-participants/issuers/issuers-directory/company-details/!ut/p/z1/04_Sj9CPykssy0xPLMnMz0vMAfIjo8zi_Tx8nD0MLIy83V1DjA0czVx8nYP8PI0MDAz0I4EKzBEKDEJDLYEKjJ0DA11MjQzcTfW99KPSc_KTIGZllJQUWKkaqBqUJKYklpfmqBroRyXn5xYk5lUGV-Ym5QMVAU010g8nZGpBdlBOWaWjIgA-ymWr/
9,SAFCO,,70.40,100,-0.90,-1.26,393,"245,585",70.30,"5,580",70.40,/wps/portal/tadawul/market-participants/issuers/issuers-directory/company-details/!ut/p/z1/04_Sj9CPykssy0xPLMnMz0vMAfIjo8zi_Tx8nD0MLIy83V1DjA0czVx8nYP8PI0MDAz0I4EKzBEKDEJDLYEKjJ0DA11MjQzcTfW99KPSc_KTIGZllJQUWKkaqBqUJKYklpfmqBroRyXn5xYk5lUGV-Ym5QMVGRkYGeiHEzK1IDsop6zSUREADFcScQ!!/
10,NGC,,12.76,"1,660",0.17,1.35,277,"459,376",12.72,167,12.76,/wps/portal/tadawul/market-participants/issuers/issuers-directory/company-details/!ut/p/z1/04_Sj9CPykssy0xPLMnMz0vMAfIjo8zi_Tx8nD0MLIy83V1DjA0czVx8nYP8PI0MDAz0I4EKzBEKDEJDLYEKjJ0DA11MjQzcTfW99KPSc_KTIGZllJQUWKkaqBqUJKYklpfmqBroRyXn5xYk5lUGV-Ym5QMVGRlYGuiHEzK1IDsop6zSUREA-9pahQ!!/
11,Alujain,,27.15,100,0.10,0.37,535,"666,222",27.10,"5,000",27.15,/wps/portal/tadawul/market-participants/issuers/issuers-directory/company-details/!ut/p/z1/04_Sj9CPykssy0xPLMnMz0vMAfIjo8zi_Tx8nD0MLIy83V1DjA0czVx8nYP8PI0MDAz0I4EKzBEKDEJDLYEKjJ0DA11MjQzcTfW99KPSc_KTIGZllJQUWKkaqBqUJKYklpfmqBroRyXn5xYk5lUGV-Ym5QMVGRmaG-iHEzK1IDsop6zSUREAqqYMUA!!/
12,APC,,12.84,"5,000",0.07,0.55,301,"454,686",12.82,"18,094",12.84,/wps/portal/tadawul/market-participants/issuers/issuers-directory/company-details/!ut/p/z1/04_Sj9CPykssy0xPLMnMz0vMAfIjo8zi_Tx8nD0MLIy83V1DjA0czVx8nYP8PI0MDAz0I4EKzBEKDEJDLYEKjJ0DA11MjQzcTfW99KPSc_KTIGZllJQUWKkaqBqUJKYklpfmqBroRyXn5xYk5lUGV-Ym5QMVGQGN1Q8nZGpBdlBOWaWjIgARcR-5/
13,Maadaniyah,,19.50,"1,000",0.12,0.62,136,"115,433",19.50,"1,269",19.54,/wps/portal/tadawul/market-participants/issuers/issuers-directory/company-details/!ut/p/z1/04_Sj9CPykssy0xPLMnMz0vMAfIjo8zi_Tx8nD0MLIy83V1DjA0czVx8nYP8PI0MDAz0I4EKzBEKDEJDLYEKjJ0DA11MjQzcTfW99KPSc_KTIGZllJQUWKkaqBqUJKYklpfmqBroRyXn5xYk5lUGV-Ym5QMVGRkZGeiHEzK1IDsop6zSUREA1QFP7Q!!/
14,SIIG,,26.40,"1,000",-0.33,-1.23,727,"1,242,663",26.35,"5,626",26.40,/wps/portal/tadawul/market-participants/issuers/issuers-directory/company-details/!ut/p/z1/04_Sj9CPykssy0xPLMnMz0vMAfIjo8zi_Tx8nD0MLIy83V1DjA0czVx8nYP8PI0MDAz0I4EKzBEKDEJDLYEKjJ0DA11MjQzcTfW99KPSc_KTIGZllJQUWKkaqBqUJKYklpfmqBroRyXn5xYk5lUGV-Ym5QMVGRmZGuiHEzK1IDsop6zSUREA-6iXOw!!/
15,YANSAB,,72.70,130,-1.12,-1.52,334,"207,657",72.60,"5,227",72.70,/wps/portal/tadawul/market-participants/issuers/issuers-directory/company-details/!ut/p/z1/04_Sj9CPykssy0xPLMnMz0vMAfIjo8zi_Tx8nD0MLIy83V1DjA0czVx8nYP8PI0MDAz0I4EKzBEKDEJDLYEKjJ0DA11MjQzcTfW99KPSc_KTIGZllJQUWKkaqBqUJKYklpfmqBroRyXn5xYk5lUGV-Ym5QMVGRlZGuiHEzK1IDsop6zSUREAIowHGQ!!/
16,Sipchem,,23.46,"3,073",-0.10,-0.42,534,"701,332",23.44,"15,317",23.48,/wps/portal/tadawul/market-participants/issuers/issuers-directory/company-details/!ut/p/z1/04_Sj9CPykssy0xPLMnMz0vMAfIjo8zi_Tx8nD0MLIy83V1DjA0czVx8nYP8PI0MDAz0I4EKzBEKDEJDLYEKjJ0DA11MjQzcTfW99KPSc_KTIGZllJQUWKkaqBqUJKYklpfmqBroRyXn5xYk5lUGV-Ym5QMVGRkbGuiHEzK1IDsop6zSUREAP2GhMA!!/
17,Saudi Kayan,,14.72,"1,756",-0.11,-0.74,"1,558","5,630,850",14.72,"78,422",14.74,/wps/portal/tadawul/market-participants/issuers/issuers-directory/company-details/!ut/p/z1/04_Sj9CPykssy0xPLMnMz0vMAfIjo8zi_Tx8nD0MLIy83V1DjA0czVx8nYP8PI0MDAz0I4EKzBEKDEJDLYEKjJ0DA11MjQzcTfW99KPSc_KTIGZllJQUWKkaqBqUJKYklpfmqBroRyXn5xYk5lUGV-Ym5QMVGRmbGuiHEzK1IDsop6zSUREAt4ABmA!!/
18,Najran Cement,,9.06,7,0.01,0.11,442,"985,021",9.05,"3,000",9.06,/wps/portal/tadawul/market-participants/issuers/issuers-directory/company-details/!ut/p/z1/04_Sj9CPykssy0xPLMnMz0vMAfIjo8zi_Tx8nD0MLIy83V1DjA0czVx8nYP8PI0MDAz0I4EKzBEKDEJDLYEKjJ0DA11MjQzcTfW99KPSc_KTIGZllJQUWKkaqBqUJKYklpfmqBroRyXn5xYk5lUGV-Ym5QMVGRsYGOmHEzK1IDsop6zSUREArVGs1A!!/
19,Northern Cement,,10.34,"1,320",0.00,0.00,152,"231,434",10.34,"1,627",10.36,/wps/portal/tadawul/market-participants/issuers/issuers-directory/company-details/!ut/p/z1/04_Sj9CPykssy0xPLMnMz0vMAfIjo8zi_Tx8nD0MLIy83V1DjA0czVx8nYP8PI0MDAz0I4EKzBEKDEJDLYEKjJ0DA11MjQzcTfW99KPSc_KTIGZllJQUWKkaqBqUJKYklpfmqBroRyXn5xYk5lUGV-Ym5QMVGRsYmOiHEzK1IDsop6zSUREA9mG1nQ!!/
20,OASIS,,44.80,400,0.33,0.74,232,"94,717",44.75,"3,900",44.80,/wps/portal/tadawul/market-participants/issuers/issuers-directory/company-details/!ut/p/z1/04_Sj9CPykssy0xPLMnMz0vMAfIjo8zi_Tx8nD0MLIy83V1DjA0czVx8nYP8PI0MDAz0I4EKzBEKDEJDLYEKjJ0DA11MjQzcTfW99KPSc_KTIGZllJQUWKkaqBqUJKYklpfmqBroRyXn5xYk5lUGV-Ym5QMVGRsYmOuHEzK1IDsop6zSUREA-3qBVA!!/
21,YSCC,,17.02,124,-0.03,-0.18,250,"407,037",17.00,"12,016",17.02,/wps/portal/tadawul/market-participants/issuers/issuers-directory/company-details/!ut/p/z1/04_Sj9CPykssy0xPLMnMz0vMAfIjo8zi_Tx8nD0MLIy83V1DjA0czVx8nYP8PI0MDAz0I4EKzBEKDEJDLYEKjJ0DA11MjQzcTfW99KPSc_KTIGZllJQUWKkaqBqUJKYklpfmqBroRyXn5xYk5lUGV-Ym5QMVGRsYGeiHEzK1IDsop6zSUREAn8zbDg!!/
22,QACCO,,41.20,472,0.03,0.07,102,"43,268",41.15,73,41.20,/wps/portal/tadawul/market-participants/issuers/issuers-directory/company-details/!ut/p/z1/04_Sj9CPykssy0xPLMnMz0vMAfIjo8zi_Tx8nD0MLIy83V1DjA0czVx8nYP8PI0MDAz0I4EKzBEKDEJDLYEKjJ0DA11MjQzcTfW99KPSc_KTIGZllJQUWKkaqBqUJKYklpfmqBroRyXn5xYk5lUGV-Ym5QMVGRuYGOiHEzK1IDsop6zSUREA010r8g!!/
23,YCC,,30.65,"3,246",0.03,0.10,318,"265,158",30.65,"3,559",30.70,/wps/portal/tadawul/market-participants/issuers/issuers-directory/company-details/!ut/p/z1/04_Sj9CPykssy0xPLMnMz0vMAfIjo8zi_Tx8nD0MLIy83V1DjA0czVx8nYP8PI0MDAz0I4EKzBEKDEJDLYEKjJ0DA11MjQzcTfW99KPSc_KTIGZllJQUWKkaqBqUJKYklpfmqBroRyXn5xYk5lUGV-Ym5QMVGRuYGeiHEzK1IDsop6zSUREAFy17pg!!/
24,TCC,,13.94,100,-0.14,-1.00,197,"197,503",13.94,"4,900",13.98,/wps/portal/tadawul/market-participants/issuers/issuers-directory/company-details/!ut/p/z1/04_Sj9CPykssy0xPLMnMz0vMAfIjo8zi_Tx8nD0MLIy83V1DjA0czVx8nYP8PI0MDAz0I4EKzBEKDEJDLYEKjJ0DA11MjQzcTfW99KPSc_KTIGZllJQUWKkaqBqUJKYklpfmqBroRyXn5xYk5lUGV-Ym5QMVGRtYGuiHEzK1IDsop6zSUREAaEGT-g!!/
25,MEPCO,,26.55,100,0.40,1.53,300,"314,004",26.50,"10,940",26.55,/wps/portal/tadawul/market-participants/issuers/issuers-directory/company-details/!ut/p/z1/04_Sj9CPykssy0xPLMnMz0vMAfIjo8zi_Tx8nD0MLIy83V1DjA0czVx8nYP8PI0MDAz0I4EKzBEKDEJDLYEKjJ0DA11MjQzcTfW99KPSc_KTIGZllJQUWKkaqBqUJKYklpfmqBroRyXn5xYk5lUGV-Ym5QMVGRoZGOmHEzK1IDsop6zSUREAUjBitw!!/
26,MAADEN,,56.60,1,-0.79,-1.38,326,"192,063",56.60,"3,170",56.70,/wps/portal/tadawul/market-participants/issuers/issuers-directory/company-details/!ut/p/z1/04_Sj9CPykssy0xPLMnMz0vMAfIjo8zi_Tx8nD0MLIy83V1DjA0czVx8nYP8PI0MDAz0I4EKzBEKDEJDLYEKjJ0DA11MjQzcTfW99KPSc_KTIGZllJQUWKkaqBqUJKYklpfmqBroRyXn5xYk5lUGV-Ym5QMVGRoZGuqHEzK1IDsop6zSUREAPRN-VA!!/
27,ALYAMAMAH STEEL,,21.74,5,-0.03,-0.14,107,"47,127",21.72,"6,215",21.74,/wps/portal/tadawul/market-participants/issuers/issuers-directory/company-details/!ut/p/z1/04_Sj9CPykssy0xPLMnMz0vMAfIjo8zi_Tx8nD0MLIy83V1DjA0czVx8nYP8PI0MDAz0I4EKzBEKDEJDLYEKjJ0DA11MjQzcTfW99KPSc_KTIGZllJQUWKkaqBqUJKYklpfmqBroRyXn5xYk5lUGV-Ym5QMVGRobmOiHEzK1IDsop6zSUREARSjtXQ!!/
28,CHEMANOL,,10.24,"1,543",0.05,0.49,449,"1,087,717",10.24,"13,457",10.26,/wps/portal/tadawul/market-participants/issuers/issuers-directory/company-details/!ut/p/z1/04_Sj9CPykssy0xPLMnMz0vMAfIjo8zi_Tx8nD0MLIy83V1DjA0czVx8nYP8PI0MDAz0I4EKzBEKDEJDLYEKjJ0DA11MjQzcTfW99KPSc_KTIGZllJQUWKkaqBqUJKYklpfmqBroRyXn5xYk5lUGV-Ym5QMVAU011A8nZGpBdlBOWaWjIgAz0VFi/
29,SABIC,,121.80,"1,314",-0.88,-0.72,"1,592","2,562,165",121.80,"518,460",122.20,/wps/portal/tadawul/market-participants/issuers/issuers-directory/company-details/!ut/p/z1/04_Sj9CPykssy0xPLMnMz0vMAfIjo8zi_Tx8nD0MLIy83V1DjA0czVx8nYP8PI0MDAz0I4EKzBEKDEJDLYEKjJ0DA11MjQzcTfW99KPSc_KTIGZllJQUWKkaqBqUJKYklpfmqBroRyXn5xYk5lUGV-Ym5QMVGRkYGuiHEzK1IDsop6zSUREAqh9qDw!!/
30,TASNEE,,20.90,992,0.54,2.65,"2,043","3,667,501",20.90,"10,308",20.94,/wps/portal/tadawul/market-participants/issuers/issuers-directory/company-details/!ut/p/z1/04_Sj9CPykssy0xPLMnMz0vMAfIjo8zi_Tx8nD0MLIy83V1DjA0czVx8nYP8PI0MDAz0I4EKzBEKDEJDLYEKjJ0DA11MjQzcTfW99KPSc_KTIGZllJQUWKkaqBqUJKYklpfmqBroRyXn5xYk5lUGV-Ym5QMVGRmYGeiHEzK1IDsop6zSUREAhLay2Q!!/
31,Zoujaj,,21.38,"9,000",0.28,1.33,547,"620,977",21.36,"5,688",21.38,/wps/portal/tadawul/market-participants/issuers/issuers-directory/company-details/!ut/p/z1/04_Sj9CPykssy0xPLMnMz0vMAfIjo8zi_Tx8nD0MLIy83V1DjA0czVx8nYP8PI0MDAz0I4EKzBEKDEJDLYEKjJ0DA11MjQzcTfW99KPSc_KTIGZllJQUWKkaqBqUJKYklpfmqBroRyXn5xYk5lUGV-Ym5QMVGRmaGuiHEzK1IDsop6zSUREAbtZcBA!!/
32,FIPCO,,34.80,1,0.76,2.24,499,"313,218",34.70,"1,634",34.80,/wps/portal/tadawul/market-participants/issuers/issuers-directory/company-details/!ut/p/z1/04_Sj9CPykssy0xPLMnMz0vMAfIjo8zi_Tx8nD0MLIy83V1DjA0czVx8nYP8PI0MDAz0I4EKzBEKDEJDLYEKjJ0DA11MjQzcTfW99KPSc_KTIGZllJQUWKkaqBqUJKYklpfmqBroRyXn5xYk5lUGV-Ym5QMVGRlaGOiHEzK1IDsop6zSUREA1crkDA!!/
33,Nama Chemicals,,20.54,1,0.38,1.88,784,"737,880",20.54,82,20.56,/wps/portal/tadawul/market-participants/issuers/issuers-directory/company-details/!ut/p/z1/04_Sj9CPykssy0xPLMnMz0vMAfIjo8zi_Tx8nD0MLIy83V1DjA0czVx8nYP8PI0MDAz0I4EKzBEKDEJDLYEKjJ0DA11MjQzcTfW99KPSc_KTIGZllJQUWKkaqBqUJKYklpfmqBroRyXn5xYk5lUGV-Ym5QMVGRkZGuiHEzK1IDsop6zSUREAc0k3kw!!/
34,Zamil Indust,,25.95,790,0.06,0.23,61,"47,840",25.95,"10,268",26.00,/wps/portal/tadawul/market-participants/issuers/issuers-directory/company-details/!ut/p/z1/04_Sj9CPykssy0xPLMnMz0vMAfIjo8zi_Tx8nD0MLIy83V1DjA0czVx8nYP8PI0MDAz0I4EKzBEKDEJDLYEKjJ0DA11MjQzcTfW99KPSc_KTIGZllJQUWKkaqBqUJKYklpfmqBroRyXn5xYk5lUGV-Ym5QMVGRmZGOiHEzK1IDsop6zSUREAmZC_EQ!!/
35,Sahara,,19.00,"1,075",-0.99,-4.95,"1,874","3,149,442",19.00,"18,635",19.02,/wps/portal/tadawul/market-participants/issuers/issuers-directory/company-details/!ut/p/z1/04_Sj9CPykssy0xPLMnMz0vMAfIjo8zi_Tx8nD0MLIy83V1DjA0czVx8nYP8PI0MDAz0I4EKzBEKDEJDLYEKjJ0DA11MjQzcTfW99KPSc_KTIGZllJQUWKkaqBqUJKYklpfmqBroRyXn5xYk5lUGV-Ym5QMVGRmZGeiHEzK1IDsop6zSUREAXeDvRQ!!/
36,SPM,,9.34,155,-0.08,-0.85,481,"757,296",9.34,"2,018",9.35,/wps/portal/tadawul/market-participants/issuers/issuers-directory/company-details/!ut/p/z1/04_Sj9CPykssy0xPLMnMz0vMAfIjo8zi_Tx8nD0MLIy83V1DjA0czVx8nYP8PI0MDAz0I4EKzBEKDEJDLYEKjJ0DA11MjQzcTfW99KPSc_KTIGZllJQUWKkaqBqUJKYklpfmqBroRyXn5xYk5lUGV-Ym5QMVGRkDTQ0nZGpBdlBOWaWjIgBdWYka/
37,Advanced,,51.00,79,-0.42,-0.82,118,"89,873",51.00,"5,474",51.20,/wps/portal/tadawul/market-participants/issuers/issuers-directory/company-details/!ut/p/z1/04_Sj9CPykssy0xPLMnMz0vMAfIjo8zi_Tx8nD0MLIy83V1DjA0czVx8nYP8PI0MDAz0I4EKzBEKDEJDLYEKjJ0DA11MjQzcTfW99KPSc_KTIGZllJQUWKkaqBqUJKYklpfmqBroRyXn5xYk5lUGV-Ym5QMVGRkbG-iHEzK1IDsop6zSUREA-xHxZA!!/
38,HCC,,9.29,"14,110",0.05,0.54,121,"240,740",9.27,"1,945",9.29,/wps/portal/tadawul/market-participants/issuers/issuers-directory/company-details/!ut/p/z1/04_Sj9CPykssy0xPLMnMz0vMAfIjo8zi_Tx8nD0MLIy83V1DjA0czVx8nYP8PI0MDAz0I4EKzBEKDEJDLYEKjJ0DA11MjQzcTfW99KPSc_KTIGZllJQUWKkaqBqUJKYklpfmqBroRyXn5xYk5lUGV-Ym5QMVGRsYGOqHEzK1IDsop6zSUREAoEqYHQ!!/
39,City Cement,,13.04,"2,000",-0.02,-0.15,492,"1,222,036",13.04,"13,738",13.06,/wps/portal/tadawul/market-participants/issuers/issuers-directory/company-details/!ut/p/z1/04_Sj9CPykssy0xPLMnMz0vMAfIjo8zi_Tx8nD0MLIy83V1DjA0czVx8nYP8PI0MDAz0I4EKzBEKDEJDLYEKjJ0DA11MjQzcTfW99KPSc_KTIGZllJQUWKkaqBqUJKYklpfmqBroRyXn5xYk5lUGV-Ym5QMVGRsYGOuHEzK1IDsop6zSUREAVqe_kw!!/
40,UACC,,15.96,50,-0.01,-0.06,184,"168,102",15.96,"8,564",15.98,/wps/portal/tadawul/market-participants/issuers/issuers-directory/company-details/!ut/p/z1/04_Sj9CPykssy0xPLMnMz0vMAfIjo8zi_Tx8nD0MLIy83V1DjA0czVx8nYP8PI0MDAz0I4EKzBEKDEJDLYEKjJ0DA11MjQzcTfW99KPSc_KTIGZllJQUWKkaqBqUJKYklpfmqBroRyXn5xYk5lUGV-Ym5QMVGRsYmOqHEzK1IDsop6zSUREADZem2g!!/
41,ACC,,32.95,700,-0.12,-0.36,160,"82,939",32.95,"5,555",33.00,/wps/portal/tadawul/market-participants/issuers/issuers-directory/company-details/!ut/p/z1/04_Sj9CPykssy0xPLMnMz0vMAfIjo8zi_Tx8nD0MLIy83V1DjA0czVx8nYP8PI0MDAz0I4EKzBEKDEJDLYEKjJ0DA11MjQzcTfW99KPSc_KTIGZllJQUWKkaqBqUJKYklpfmqBroRyXn5xYk5lUGV-Ym5QMVGRsYGuiHEzK1IDsop6zSUREAOYSjcA!!/
42,SCC,,52.00,98,-0.27,-0.52,112,"62,811",52.00,"1,494",52.20,/wps/portal/tadawul/market-participants/issuers/issuers-directory/company-details/!ut/p/z1/04_Sj9CPykssy0xPLMnMz0vMAfIjo8zi_Tx8nD0MLIy83V1DjA0czVx8nYP8PI0MDAz0I4EKzBEKDEJDLYEKjJ0DA11MjQzcTfW99KPSc_KTIGZllJQUWKkaqBqUJKYklpfmqBroRyXn5xYk5lUGV-Ym5QMVGRsYG-iHEzK1IDsop6zSUREA_fTzJA!!/
43,spcc,,42.05,69,0.81,1.96,664,"418,464",42.00,"2,706",42.05,/wps/portal/tadawul/market-participants/issuers/issuers-directory/company-details/!ut/p/z1/04_Sj9CPykssy0xPLMnMz0vMAfIjo8zi_Tx8nD0MLIy83V1DjA0czVx8nYP8PI0MDAz0I4EKzBEKDEJDLYEKjJ0DA11MjQzcTfW99KPSc_KTIGZllJQUWKkaqBqUJKYklpfmqBroRyXn5xYk5lUGV-Ym5QMVGRuYGuiHEzK1IDsop6zSUREAsWUD2A!!/
44,EPCCO,,26.80,990,0.00,0.00,26,"56,658",26.80,"7,911",26.85,/wps/portal/tadawul/market-participants/issuers/issuers-directory/company-details/!ut/p/z1/04_Sj9CPykssy0xPLMnMz0vMAfIjo8zi_Tx8nD0MLIy83V1DjA0czVx8nYP8PI0MDAz0I4EKzBEKDEJDLYEKjJ0DA11MjQzcTfW99KPSc_KTIGZllJQUWKkaqBqUJKYklpfmqBroRyXn5xYk5lUGV-Ym5QMVGRtYGOiHEzK1IDsop6zSUREACnm70A!!/
45,Jouf Cement,,10.16,165,0.01,0.10,122,"271,426",10.16,"23,335",10.18,/wps/portal/tadawul/market-participants/issuers/issuers-directory/company-details/!ut/p/z1/04_Sj9CPykssy0xPLMnMz0vMAfIjo8zi_Tx8nD0MLIy83V1DjA0czVx8nYP8PI0MDAz0I4EKzBEKDEJDLYEKjJ0DA11MjQzcTfW99KPSc_KTIGZllJQUWKkaqBqUJKYklpfmqBroRyXn5xYk5lUGV-Ym5QMVGRtYGuqHEzK1IDsop6zSUREAk7eAvQ!!/
46,Astra Indust,,20.20,39,0.96,4.99,"1,363","1,179,382",20.16,"11,525",20.20,/wps/portal/tadawul/market-participants/issuers/issuers-directory/company-details/!ut/p/z1/04_Sj9CPykssy0xPLMnMz0vMAfIjo8zi_Tx8nD0MLIy83V1DjA0czVx8nYP8PI0MDAz0I4EKzBEKDEJDLYEKjJ0DA11MjQzcTfW99KPSc_KTIGZllJQUWKkaqBqUJKYklpfmqBroRyXn5xYk5lUGV-Ym5QMVGRoZGumHEzK1IDsop6zSUREAMAhKnQ!!/
47,EIC,,23.50,"1,596",0.26,1.12,196,"201,813",23.42,"3,515",23.50,/wps/portal/tadawul/market-participants/issuers/issuers-directory/company-details/!ut/p/z1/04_Sj9CPykssy0xPLMnMz0vMAfIjo8zi_Tx8nD0MLIy83V1DjA0czVx8nYP8PI0MDAz0I4EKzBEKDEJDLYEKjJ0DA11MjQzcTfW99KPSc_KTIGZllJQUWKkaqBqUJKYklpfmqBroRyXn5xYk5lUGV-Ym5QMVGRobGOuHEzK1IDsop6zSUREA5e7nUw!!/
48,Saudi Ceramics,,25.10,200,1.00,4.15,"1,170","891,189",25.05,"1,378",25.10,/wps/portal/tadawul/market-participants/issuers/issuers-directory/company-details/!ut/p/z1/04_Sj9CPykssy0xPLMnMz0vMAfIjo8zi_Tx8nD0MLIy83V1DjA0czVx8nYP8PI0MDAz0I4EKzBEKDEJDLYEKjJ0DA11MjQzcTfW99KPSc_KTIGZllJQUWKkaqBqUJKYklpfmqBroRyXn5xYk5lUGV-Ym5QMVGRmYGOiHEzK1IDsop6zSUREAQMbijQ!!/
49,ADC,,11.92,"2,264",0.05,0.42,384,"551,608",11.90,"1,652",11.92,/wps/portal/tadawul/market-participants/issuers/issuers-directory/company-details/!ut/p/z1/04_Sj9CPykssy0xPLMnMz0vMAfIjo8zi_Tx8nD0MLIy83V1DjA0czVx8nYP8PI0MDAz0I4EKzBEKDEJDLYEKjJ0DA11MjQzcTfW99KPSc_KTIGZllJQUWKkaqBqUJKYklpfmqBroRyXn5xYk5lUGV-Ym5QMVGRmaGOiHEzK1IDsop6zSUREADO50Lg!!/
50,AL-BABTAIN,,28.25,430,0.01,0.04,117,"124,045",28.20,"13,831",28.25,/wps/portal/tadawul/market-participants/issuers/issuers-directory/company-details/!ut/p/z1/04_Sj9CPykssy0xPLMnMz0vMAfIjo8zi_Tx8nD0MLIy83V1DjA0czVx8nYP8PI0MDAz0I4EKzBEKDEJDLYEKjJ0DA11MjQzcTfW99KPSc_KTIGZllJQUWKkaqBqUJKYklpfmqBroRyXn5xYk5lUGV-Ym5QMVGRkbGeiHEzK1IDsop6zSUREAmSnZTg!!/
51,MESC,,8.56,512,-0.01,-0.12,265,"549,838",8.55,"3,508",8.56,/wps/portal/tadawul/market-participants/issuers/issuers-directory/company-details/!ut/p/z1/04_Sj9CPykssy0xPLMnMz0vMAfIjo8zi_Tx8nD0MLIy83V1DjA0czVx8nYP8PI0MDAz0I4EKzBEKDEJDLYEKjJ0DA11MjQzcTfW99KPSc_KTIGZllJQUWKkaqBqUJKYklpfmqBroRyXn5xYk5lUGV-Ym5QMVGRmbG-iHEzK1IDsop6zSUREAc_BRzA!!/
52,Bawan,,18.44,"1,500",0.33,1.82,529,"494,642",18.42,591,18.44,/wps/portal/tadawul/market-participants/issuers/issuers-directory/company-details/!ut/p/z1/04_Sj9CPykssy0xPLMnMz0vMAfIjo8zi_Tx8nD0MLIy83V1DjA0czVx8nYP8PI0MDAz0I4EKzBEKDEJDLYEKjJ0DA11MjQzcTfW99KPSc_KTIGZllJQUWKkaqBqUJKYklpfmqBroRyXn5xYk5lUGV-Ym5QMVGRobGOmHEzK1IDsop6zSUREAHhj0FA!!/
53,ALKHODARI,,9.03,"1,000",0.06,0.67,901,"1,836,230",9.03,"3,922",9.04,/wps/portal/tadawul/market-participants/issuers/issuers-directory/company-details/!ut/p/z1/04_Sj9CPykssy0xPLMnMz0vMAfIjo8zi_Tx8nD0MLIy83V1DjA0czVx8nYP8PI0MDAz0I4EKzBEKDEJDLYEKjJ0DA11MjQzcTfW99KPSc_KTIGZllJQUWKkaqBqUJKYklpfmqBroRyXn5xYk5lUGV-Ym5QMVGRobG-iHEzK1IDsop6zSUREATr2r5A!!/
54,SCC,,10.08,"1,000",-0.05,-0.49,328,"373,927",10.08,"2,899",10.10,/wps/portal/tadawul/market-participants/issuers/issuers-directory/company-details/!ut/p/z1/04_Sj9CPykssy0xPLMnMz0vMAfIjo8zi_Tx8nD0MLIy83V1DjA0czVx8nYP8PI0MDAz0I4EKzBEKDEJDLYEKjJ0DA11MjQzcTfW99KPSc_KTIGZllJQUWKkaqBqUJKYklpfmqBroRyXn5xYk5lUGV-Ym5QMVGRkaGuiHEzK1IDsop6zSUREA5jf8rA!!/
55,Amiantit,,7.91,90,-0.33,-4.01,"1,695","3,980,663",7.90,511,7.91,/wps/portal/tadawul/market-participants/issuers/issuers-directory/company-details/!ut/p/z1/04_Sj9CPykssy0xPLMnMz0vMAfIjo8zi_Tx8nD0MLIy83V1DjA0czVx8nYP8PI0MDAz0I4EKzBEKDEJDLYEKjJ0DA11MjQzcTfW99KPSc_KTIGZllJQUWKkaqBqUJKYklpfmqBroRyXn5xYk5lUGV-Ym5QMVGRmaGeiHEzK1IDsop6zSUREAyJ4keg!!/
56,SVCP,,51.80,19,-0.14,-0.27,106,"59,986",51.60,781,51.80,/wps/portal/tadawul/market-participants/issuers/issuers-directory/company-details/!ut/p/z1/04_Sj9CPykssy0xPLMnMz0vMAfIjo8zi_Tx8nD0MLIy83V1DjA0czVx8nYP8PI0MDAz0I4EKzBEKDEJDLYEKjJ0DA11MjQzcTfW99KPSc_KTIGZllJQUWKkaqBqUJKYklpfmqBroRyXn5xYk5lUGV-Ym5QMVGRmbGeiHEzK1IDsop6zSUREAEch55g!!/
57,SIECO,,266.00,304,-0.74,-0.28,306,"24,674",266.00,20,266.60,/wps/portal/tadawul/market-participants/issuers/issuers-directory/company-details/!ut/p/z1/04_Sj9CPykssy0xPLMnMz0vMAfIjo8zi_Tx8nD0MLIy83V1DjA0czVx8nYP8PI0MDAz0I4EKzBEKDEJDLYEKjJ0DA11MjQzcTfW99KPSc_KTIGZllJQUWKkaqBqUJKYklpfmqBroRyXn5xYk5lUGV-Ym5QMVmRiaGOiHEzK1IDsop6zSUREAJ7Gw9Q!!/
58,SPPC,,20.20,264,-0.06,-0.30,"1,982","2,350,953",20.18,"2,200",20.20,/wps/portal/tadawul/market-participants/issuers/issuers-directory/company-details/!ut/p/z1/04_Sj9CPykssy0xPLMnMz0vMAfIjo8zi_Tx8nD0MLIy83V1DjA0czVx8nYP8PI0MDAz0I4EKzBEKDEJDLYEKjJ0DA11MjQzcTfW99KPSc_KTIGZllJQUWKkaqBqUJKYklpfmqBroRyXn5xYk5lUGV-Ym5QMVmRiZG-iHEzK1IDsop6zSUREAFIcDtA!!/
59,Catering,,84.60,1,-0.03,-0.04,158,"95,406",84.20,222,84.60,/wps/portal/tadawul/market-participants/issuers/issuers-directory/company-details/!ut/p/z1/04_Sj9CPykssy0xPLMnMz0vMAfIjo8zi_Tx8nD0MLIy83V1DjA0czVx8nYP8PI0MDAz0I4EKzBEKDEJDLYEKjJ0DA11MjQzcTfW99KPSc_KTIGZllJQUWKkaqBqUJKYklpfmqBroRyXn5xYk5lUGV-Ym5QMVmRkYmOiHEzK1IDsop6zSUREAaJIrxg!!/
60,SISCO,,14.74,250,0.12,0.82,215,"402,727",14.72,"4,468",14.74,/wps/portal/tadawul/market-participants/issuers/issuers-directory/company-details/!ut/p/z1/04_Sj9CPykssy0xPLMnMz0vMAfIjo8zi_Tx8nD0MLIy83V1DjA0czVx8nYP8PI0MDAz0I4EKzBEKDEJDLYEKjJ0DA11MjQzcTfW99KPSc_KTIGZllJQUWKkaqBqUJKYklpfmqBroRyXn5xYk5lUGV-Ym5QMVGRlaGuiHEzK1IDsop6zSUREAt_LMJg!!/
61,SAPTCO,,16.80,"5,000",0.27,1.63,579,"1,303,771",16.80,"3,889",16.82,/wps/portal/tadawul/market-participants/issuers/issuers-directory/company-details/!ut/p/z1/04_Sj9CPykssy0xPLMnMz0vMAfIjo8zi_Tx8nD0MLIy83V1DjA0czVx8nYP8PI0MDAz0I4EKzBEKDEJDLYEKjJ0DA11MjQzcTfW99KPSc_KTIGZllJQUWKkaqBqUJKYklpfmqBroRyXn5xYk5lUGV-Ym5QMVmRiYGOiHEzK1IDsop6zSUREAa5kmVg!!/
62,Budget Saudi,,38.75,5,0.37,0.96,128,"126,055",38.65,326,38.75,/wps/portal/tadawul/market-participants/issuers/issuers-directory/company-details/!ut/p/z1/04_Sj9CPykssy0xPLMnMz0vMAfIjo8zi_Tx8nD0MLIy83V1DjA0czVx8nYP8PI0MDAz0I4EKzBEKDEJDLYEKjJ0DA11MjQzcTfW99KPSc_KTIGZllJQUWKkaqBqUJKYklpfmqBroRyXn5xYk5lUGV-Ym5QMVmRiZGeiHEzK1IDsop6zSUREAdr8rng!!/
63,AlSorayai Group,,16.16,12,-0.03,-0.19,394,"372,448",16.14,"7,730",16.16,/wps/portal/tadawul/market-participants/issuers/issuers-directory/company-details/!ut/p/z1/04_Sj9CPykssy0xPLMnMz0vMAfIjo8zi_Tx8nD0MLIy83V1DjA0czVx8nYP8PI0MDAz0I4EKzBEKDEJDLYEKjJ0DA11MjQzcTfW99KPSc_KTIGZllJQUWKkaqBqUJKYklpfmqBroRyXn5xYk5lUGV-Ym5QMVGRoZGuuHEzK1IDsop6zSUREAy_5Z2g!!/
64,AlAbdullatif,,13.64,178,0.08,0.59,177,"195,060",13.62,"9,390",13.64,/wps/portal/tadawul/market-participants/issuers/issuers-directory/company-details/!ut/p/z1/04_Sj9CPykssy0xPLMnMz0vMAfIjo8zi_Tx8nD0MLIy83V1DjA0czVx8nYP8PI0MDAz0I4EKzBEKDEJDLYEKjJ0DA11MjQzcTfW99KPSc_KTIGZllJQUWKkaqBqUJKYklpfmqBroRyXn5xYk5lUGV-Ym5QMVGRmbGOiHEzK1IDsop6zSUREA1bgpsg!!/
65,Fitaihi Group,,12.76,500,0.04,0.31,160,"226,260",12.74,"13,323",12.76,/wps/portal/tadawul/market-participants/issuers/issuers-directory/company-details/!ut/p/z1/04_Sj9CPykssy0xPLMnMz0vMAfIjo8zi_Tx8nD0MLIy83V1DjA0czVx8nYP8PI0MDAz0I4EKzBEKDEJDLYEKjJ0DA11MjQzcTfW99KPSc_KTIGZllJQUWKkaqBqUJKYklpfmqBroRyXn5xYk5lUGV-Ym5QMVmRhaGOiHEzK1IDsop6zSUREA_pUg1w!!/
66,ALTAYYAR,,28.25,"1,000",0.10,0.36,365,"453,445",28.20,"3,792",28.25,/wps/portal/tadawul/market-participants/issuers/issuers-directory/company-details/!ut/p/z1/04_Sj9CPykssy0xPLMnMz0vMAfIjo8zi_Tx8nD0MLIy83V1DjA0czVx8nYP8PI0MDAz0I4EKzBEKDEJDLYEKjJ0DA11MjQzcTfW99KPSc_KTIGZllJQUWKkaqBqUJKYklpfmqBroRyXn5xYk5lUGV-Ym5QMVGVoYGuiHEzK1IDsop6zSUREAuOLWkw!!/
67,Dur,,20.50,7,-0.20,-0.97,151,"73,303",20.46,300,20.54,/wps/portal/tadawul/market-participants/issuers/issuers-directory/company-details/!ut/p/z1/04_Sj9CPykssy0xPLMnMz0vMAfIjo8zi_Tx8nD0MLIy83V1DjA0czVx8nYP8PI0MDAz0I4EKzBEKDEJDLYEKjJ0DA11MjQzcTfW99KPSc_KTIGZllJQUWKkaqBqUJKYklpfmqBroRyXn5xYk5lUGV-Ym5QMVmRgYGuiHEzK1IDsop6zSUREAgUCu1A!!/
68,Alkhaleej Trng,,19.82,93,0.09,0.46,154,"105,967",19.82,907,19.84,/wps/portal/tadawul/market-participants/issuers/issuers-directory/company-details/!ut/p/z1/04_Sj9CPykssy0xPLMnMz0vMAfIjo8zi_Tx8nD0MLIy83V1DjA0czVx8nYP8PI0MDAz0I4EKzBEKDEJDLYEKjJ0DA11MjQzcTfW99KPSc_KTIGZllJQUWKkaqBqUJKYklpfmqBroRyXn5xYk5lUGV-Ym5QMVmRhZGuiHEzK1IDsop6zSUREACdPDwg!!/
69,Al Hokair Group,,22.68,200,-0.09,-0.40,739,"709,174",22.68,101,22.70,/wps/portal/tadawul/market-participants/issuers/issuers-directory/company-details/!ut/p/z1/04_Sj9CPykssy0xPLMnMz0vMAfIjo8zi_Tx8nD0MLIy83V1DjA0czVx8nYP8PI0MDAz0I4EKzBEKDEJDLYEKjJ0DA11MjQzcTfW99KPSc_KTIGZllJQUWKkaqBqUJKYklpfmqBroRyXn5xYk5lUGV-Ym5QMVGVoYGeiHEzK1IDsop6zSUREAHqqu7Q!!/
70,TECO,,35.25,24,0.04,0.11,166,"93,403",35.25,284,35.30,/wps/portal/tadawul/market-participants/issuers/issuers-directory/company-details/!ut/p/z1/04_Sj9CPykssy0xPLMnMz0vMAfIjo8zi_Tx8nD0MLIy83V1DjA0czVx8nYP8PI0MDAz0I4EKzBEKDEJDLYEKjJ0DA11MjQzcTfW99KPSc_KTIGZllJQUWKkaqBqUJKYklpfmqBroRyXn5xYk5lUGV-Ym5QMVmRiaG-iHEzK1IDsop6zSUREAgfnIiw!!/
71,Herfy Foods,,49.00,9,0.12,0.25,146,"74,452",49.00,"2,741",49.05,/wps/portal/tadawul/market-participants/issuers/issuers-directory/company-details/!ut/p/z1/04_Sj9CPykssy0xPLMnMz0vMAfIjo8zi_Tx8nD0MLIy83V1DjA0czVx8nYP8PI0MDAz0I4EKzBEKDEJDLYEKjJ0DA11MjQzcTfW99KPSc_KTIGZllJQUWKkaqBqUJKYklpfmqBroRyXn5xYk5lUGV-Ym5QMVmRkYGOmHEzK1IDsop6zSUREAM6Iyjw!!/
72,TAPRCO,,47.30,640,0.86,1.85,"1,755","935,462",47.30,"8,667",47.35,/wps/portal/tadawul/market-participants/issuers/issuers-directory/company-details/!ut/p/z1/04_Sj9CPykssy0xPLMnMz0vMAfIjo8zi_Tx8nD0MLIy83V1DjA0czVx8nYP8PI0MDAz0I4EKzBEKDEJDLYEKjJ0DA11MjQzcTfW99KPSc_KTIGZllJQUWKkaqBqUJKYklpfmqBroRyXn5xYk5lUGV-Ym5QMVmRiYG-iHEzK1IDsop6zSUREAzdFeKA!!/
73,SRMG,,93.80,100,2.40,2.63,"1,588","451,834",93.70,209,93.80,/wps/portal/tadawul/market-participants/issuers/issuers-directory/company-details/!ut/p/z1/04_Sj9CPykssy0xPLMnMz0vMAfIjo8zi_Tx8nD0MLIy83V1DjA0czVx8nYP8PI0MDAz0I4EKzBEKDEJDLYEKjJ0DA11MjQzcTfW99KPSc_KTIGZllJQUWKkaqBqUJKYklpfmqBroRyXn5xYk5lUGV-Ym5QMVmRgZGuiHEzK1IDsop6zSUREAWBbzSA!!/
74,SHAKER,,10.80,"2,422",0.13,1.22,684,"923,220",10.80,"4,900",10.82,/wps/portal/tadawul/market-participants/issuers/issuers-directory/company-details/!ut/p/z1/04_Sj9CPykssy0xPLMnMz0vMAfIjo8zi_Tx8nD0MLIy83V1DjA0czVx8nYP8PI0MDAz0I4EKzBEKDEJDLYEKjJ0DA11MjQzcTfW99KPSc_KTIGZllJQUWKkaqBqUJKYklpfmqBroRyXn5xYk5lUGV-Ym5QMVGRoZmuiHEzK1IDsop6zSUREAazhT1A!!/
75,SACO,,132.00,230,-1.57,-1.18,26,"3,478",132.00,15,132.80,/wps/portal/tadawul/market-participants/issuers/issuers-directory/company-details/!ut/p/z1/04_Sj9CPykssy0xPLMnMz0vMAfIjo8zi_Tx8nD0MLIy83V1DjA0czVx8nYP8PI0MDAz0I4EKzBEKDEJDLYEKjJ0DA11MjQzcTfW99KPSc_KTIGZllJQUWKkaqBqUJKYklpfmqBroRyXn5xYk5lUGV-Ym5QMVmRgYWOiHEzK1IDsop6zSUREA-MWKqw!!/
76,Jarir,,169.80,16,-1.25,-0.73,369,"64,738",169.80,996,170.00,/wps/portal/tadawul/market-participants/issuers/issuers-directory/company-details/!ut/p/z1/04_Sj9CPykssy0xPLMnMz0vMAfIjo8zi_Tx8nD0MLIy83V1DjA0czVx8nYP8PI0MDAz0I4EKzBEKDEJDLYEKjJ0DA11MjQzcTfW99KPSc_KTIGZllJQUWKkaqBqUJKYklpfmqBroRyXn5xYk5lUGV-Ym5QMVmRhaGuiHEzK1IDsop6zSUREAnK0I_Q!!/
77,Extra,,83.50,924,1.09,1.32,640,"154,639",83.40,"2,663",83.50,/wps/portal/tadawul/market-participants/issuers/issuers-directory/company-details/!ut/p/z1/04_Sj9CPykssy0xPLMnMz0vMAfIjo8zi_Tx8nD0MLIy83V1DjA0czVx8nYP8PI0MDAz0I4EKzBEKDEJDLYEKjJ0DA11MjQzcTfW99KPSc_KTIGZllJQUWKkaqBqUJKYklpfmqBroRyXn5xYk5lUGV-Ym5QMVmRgYGOuHEzK1IDsop6zSUREA7mOyNw!!/
78,SASCO,,18.30,"1,306",0.06,0.33,369,"605,845",18.32,100,18.38,/wps/portal/tadawul/market-participants/issuers/issuers-directory/company-details/!ut/p/z1/04_Sj9CPykssy0xPLMnMz0vMAfIjo8zi_Tx8nD0MLIy83V1DjA0czVx8nYP8PI0MDAz0I4EKzBEKDEJDLYEKjJ0DA11MjQzcTfW99KPSc_KTIGZllJQUWKkaqBqUJKYklpfmqBroRyXn5xYk5lUGV-Ym5QMVmRiYGuiHEzK1IDsop6zSUREACaEOfA!!/
79,AlHokair,,28.15,500,0.31,1.11,550,"488,867",28.10,"3,171",28.15,/wps/portal/tadawul/market-participants/issuers/issuers-directory/company-details/!ut/p/z1/04_Sj9CPykssy0xPLMnMz0vMAfIjo8zi_Tx8nD0MLIy83V1DjA0czVx8nYP8PI0MDAz0I4EKzBEKDEJDLYEKjJ0DA11MjQzcTfW99KPSc_KTIGZllJQUWKkaqBqUJKYklpfmqBroRyXn5xYk5lUGV-Ym5QMVmRiZGOiHEzK1IDsop6zSUREAss97yg!!/
80,A.Othaim Market,,172.80,45,4.16,2.47,379,"109,887",172.80,"6,676",173.00,/wps/portal/tadawul/market-participants/issuers/issuers-directory/company-details/!ut/p/z1/04_Sj9CPykssy0xPLMnMz0vMAfIjo8zi_Tx8nD0MLIy83V1DjA0czVx8nYP8PI0MDAz0I4EKzBEKDEJDLYEKjJ0DA11MjQzcTfW99KPSc_KTIGZllJQUWKkaqBqUJKYklpfmqBroRyXn5xYk5lUGV-Ym5QMVmRgYGOqHEzK1IDsop6zSUREAGI6VuQ!!/
81,Anaam Holding,,12.48,63,0.29,2.38,487,"565,116",12.48,878,12.50,/wps/portal/tadawul/market-participants/issuers/issuers-directory/company-details/!ut/p/z1/04_Sj9CPykssy0xPLMnMz0vMAfIjo8zi_Tx8nD0MLIy83V1DjA0czVx8nYP8PI0MDAz0I4EKzBEKDEJDLYEKjJ0DA11MjQzcTfW99KPSc_KTIGZllJQUWKkaqBqUJKYklpfmqBroRyXn5xYk5lUGV-Ym5QMVmRiYGeqHEzK1IDsop6zSUREAVB9lRQ!!/
82,Farm Superstores,,23.76,"1,050",0.03,0.13,144,"75,323",23.76,776,23.78,/wps/portal/tadawul/market-participants/issuers/issuers-directory/company-details/!ut/p/z1/04_Sj9CPykssy0xPLMnMz0vMAfIjo8zi_Tx8nD0MLIy83V1DjA0czVx8nYP8PI0MDAz0I4EKzBEKDEJDLYEKjJ0DA11MjQzcTfW99KPSc_KTIGZllJQUWKkaqBqUJKYklpfmqBroRyXn5xYk5lUGV-Ym5QMVmRgYmOmHEzK1IDsop6zSUREAuEiftw!!/
83,THIMAR,,31.90,40,0.32,1.01,355,"311,692",31.90,"2,842",31.95,/wps/portal/tadawul/market-participants/issuers/issuers-directory/company-details/!ut/p/z1/04_Sj9CPykssy0xPLMnMz0vMAfIjo8zi_Tx8nD0MLIy83V1DjA0czVx8nYP8PI0MDAz0I4EKzBEKDEJDLYEKjJ0DA11MjQzcTfW99KPSc_KTIGZllJQUWKkaqBqUJKYklpfmqBroRyXn5xYk5lUGV-Ym5QMVmRiaGeiHEzK1IDsop6zSUREA48HgoQ!!/
84,Savola Group,,41.90,264,-0.02,-0.05,186,"110,354",41.85,"3,934",41.90,/wps/portal/tadawul/market-participants/issuers/issuers-directory/company-details/!ut/p/z1/04_Sj9CPykssy0xPLMnMz0vMAfIjo8zi_Tx8nD0MLIy83V1DjA0czVx8nYP8PI0MDAz0I4EKzBEKDEJDLYEKjJ0DA11MjQzcTfW99KPSc_KTIGZllJQUWKkaqBqUJKYklpfmqBroRyXn5xYk5lUGV-Ym5QMVGRmYGuiHEzK1IDsop6zSUREAIv7Kpw!!/
85,SADAFCO,,117.60,23,-0.11,-0.09,43,"8,108",117.60,977,118.00,/wps/portal/tadawul/market-participants/issuers/issuers-directory/company-details/!ut/p/z1/04_Sj9CPykssy0xPLMnMz0vMAfIjo8zi_Tx8nD0MLIy83V1DjA0czVx8nYP8PI0MDAz0I4EKzBEKDEJDLYEKjJ0DA11MjQzcTfW99KPSc_KTIGZllJQUWKkaqBqUJKYklpfmqBroRyXn5xYk5lUGV-Ym5QMVGRmZG-iHEzK1IDsop6zSUREAP9jHbw!!/
86,H B,,56.30,4,-0.31,-0.55,39,"4,665",56.20,682,56.30,/wps/portal/tadawul/market-participants/issuers/issuers-directory/company-details/!ut/p/z1/04_Sj9CPykssy0xPLMnMz0vMAfIjo8zi_Tx8nD0MLIy83V1DjA0czVx8nYP8PI0MDAz0I4EKzBEKDEJDLYEKjJ0DA11MjQzcTfW99KPSc_KTIGZllJQUWKkaqBqUJKYklpfmqBroRyXn5xYk5lUGV-Ym5QMVmRkYGOqHEzK1IDsop6zSUREAPrkGRg!!/
87,GACO,,12.90,930,0.08,0.63,229,"308,424",12.90,870,12.92,/wps/portal/tadawul/market-participants/issuers/issuers-directory/company-details/!ut/p/z1/04_Sj9CPykssy0xPLMnMz0vMAfIjo8zi_Tx8nD0MLIy83V1DjA0czVx8nYP8PI0MDAz0I4EKzBEKDEJDLYEKjJ0DA11MjQzcTfW99KPSc_KTIGZllJQUWKkaqBqUJKYklpfmqBroRyXn5xYk5lUGV-Ym5QMVmRkYGeiHEzK1IDsop6zSUREAAT9FVQ!!/
88,SFICO,,29.60,41,0.34,1.16,"1,010","851,667",29.60,460,29.75,/wps/portal/tadawul/market-participants/issuers/issuers-directory/company-details/!ut/p/z1/04_Sj9CPykssy0xPLMnMz0vMAfIjo8zi_Tx8nD0MLIy83V1DjA0czVx8nYP8PI0MDAz0I4EKzBEKDEJDLYEKjJ0DA11MjQzcTfW99KPSc_KTIGZllJQUWKkaqBqUJKYklpfmqBroRyXn5xYk5lUGV-Ym5QMVmRmYGuiHEzK1IDsop6zSUREAL5adgw!!/
89,ALJOUF,,28.35,850,-0.13,-0.46,343,"203,844",28.30,"4,446",28.35,/wps/portal/tadawul/market-participants/issuers/issuers-directory/company-details/!ut/p/z1/04_Sj9CPykssy0xPLMnMz0vMAfIjo8zi_Tx8nD0MLIy83V1DjA0czVx8nYP8PI0MDAz0I4EKzBEKDEJDLYEKjJ0DA11MjQzcTfW99KPSc_KTIGZllJQUWKkaqBqUJKYklpfmqBroRyXn5xYk5lUGV-Ym5QMVmRmYG-iHEzK1IDsop6zSUREA6-bN1w!!/
90,WAFRAH,,16.56,"1,000",0.20,1.22,158,"114,581",16.54,256,16.56,/wps/portal/tadawul/market-participants/issuers/issuers-directory/company-details/!ut/p/z1/04_Sj9CPykssy0xPLMnMz0vMAfIjo8zi_Tx8nD0MLIy83V1DjA0czVx8nYP8PI0MDAz0I4EKzBEKDEJDLYEKjJ0DA11MjQzcTfW99KPSc_KTIGZllJQUWKkaqBqUJKYklpfmqBroRyXn5xYk5lUGV-Ym5QMVGRkCTQ0nZGpBdlBOWaWjIgCED9SG/
91,Almarai,,59.80,14,1.05,1.79,386,"635,577",59.70,"6,050",59.80,/wps/portal/tadawul/market-participants/issuers/issuers-directory/company-details/!ut/p/z1/04_Sj9CPykssy0xPLMnMz0vMAfIjo8zi_Tx8nD0MLIy83V1DjA0czVx8nYP8PI0MDAz0I4EKzBEKDEJDLYEKjJ0DA11MjQzcTfW99KPSc_KTIGZllJQUWKkaqBqUJKYklpfmqBroRyXn5xYk5lUGV-Ym5QMVGRlZGOiHEzK1IDsop6zSUREAQLQvMw!!/
92,NADEC,,38.35,300,0.16,0.42,287,"159,568",38.30,"1,901",38.35,/wps/portal/tadawul/market-participants/issuers/issuers-directory/company-details/!ut/p/z1/04_Sj9CPykssy0xPLMnMz0vMAfIjo8zi_Tx8nD0MLIy83V1DjA0czVx8nYP8PI0MDAz0I4EKzBEKDEJDLYEKjJ0DA11MjQzcTfW99KPSc_KTIGZllJQUWKkaqBqUJKYklpfmqBroRyXn5xYk5lUGV-Ym5QMVmRkYGuiHEzK1IDsop6zSUREAp3c9Kw!!/
93,TADCO,,12.20,"1,000",0.01,0.08,231,"375,927",12.20,"11,568",12.22,/wps/portal/tadawul/market-participants/issuers/issuers-directory/company-details/!ut/p/z1/04_Sj9CPykssy0xPLMnMz0vMAfIjo8zi_Tx8nD0MLIy83V1DjA0czVx8nYP8PI0MDAz0I4EKzBEKDEJDLYEKjJ0DA11MjQzcTfW99KPSc_KTIGZllJQUWKkaqBqUJKYklpfmqBroRyXn5xYk5lUGV-Ym5QMVmRmYGOiHEzK1IDsop6zSUREATa61qQ!!/
94,Sharqiya Dev Co,,49.90,50,2.89,6.15,"1,433","807,138",49.90,491,49.95,/wps/portal/tadawul/market-participants/issuers/issuers-directory/company-details/!ut/p/z1/04_Sj9CPykssy0xPLMnMz0vMAfIjo8zi_Tx8nD0MLIy83V1DjA0czVx8nYP8PI0MDAz0I4EKzBEKDEJDLYEKjJ0DA11MjQzcTfW99KPSc_KTIGZllJQUWKkaqBqUJKYklpfmqBroRyXn5xYk5lUGV-Ym5QMVmRmYGeiHEzK1IDsop6zSUREAid7l_Q!!/
95,JAZADCO,,16.96,"3,629",-0.04,-0.24,62,"89,005",16.96,"1,371",16.98,/wps/portal/tadawul/market-participants/issuers/issuers-directory/company-details/!ut/p/z1/04_Sj9CPykssy0xPLMnMz0vMAfIjo8zi_Tx8nD0MLIy83V1DjA0czVx8nYP8PI0MDAz0I4EKzBEKDEJDLYEKjJ0DA11MjQzcTfW99KPSc_KTIGZllJQUWKkaqBqUJKYklpfmqBroRyXn5xYk5lUGV-Ym5QMVmRlYGuiHEzK1IDsop6zSUREA9rINoQ!!/
96,Chemical,,33.90,392,0.18,0.53,95,"41,015",33.90,"7,107",33.95,/wps/portal/tadawul/market-participants/issuers/issuers-directory/company-details/!ut/p/z1/04_Sj9CPykssy0xPLMnMz0vMAfIjo8zi_Tx8nD0MLIy83V1DjA0czVx8nYP8PI0MDAz0I4EKzBEKDEJDLYEKjJ0DA11MjQzcTfW99KPSc_KTIGZllJQUWKkaqBqUJKYklpfmqBroRyXn5xYk5lUGV-Ym5QMVGRkZG-iHEzK1IDsop6zSUREAtzlnxw!!/
97,Dallah Health,,105.20,172,-0.72,-0.68,96,"45,416",104.60,524,105.20,/wps/portal/tadawul/market-participants/issuers/issuers-directory/company-details/!ut/p/z1/04_Sj9CPykssy0xPLMnMz0vMAfIjo8zi_Tx8nD0MLIy83V1DjA0czVx8nYP8PI0MDAz0I4EKzBEKDEJDLYEKjJ0DA11MjQzcTfW99KPSc_KTIGZllJQUWKkaqBqUJKYklpfmqBroRyXn5xYk5lUGV-Ym5QMVmRgYmOiHEzK1IDsop6zSUREATqW4OQ!!/
98,Al Hammadi,,37.30,500,0.45,1.22,498,"536,431",37.25,"1,870",37.30,/wps/portal/tadawul/market-participants/issuers/issuers-directory/company-details/!ut/p/z1/04_Sj9CPykssy0xPLMnMz0vMAfIjo8zi_Tx8nD0MLIy83V1DjA0czVx8nYP8PI0MDAz0I4EKzBEKDEJDLYEKjJ0DA11MjQzcTfW99KPSc_KTIGZllJQUWKkaqBqUJKYklpfmqBroRyXn5xYk5lUGV-Ym5QMVmRgYmOuHEzK1IDsop6zSUREAQ76M8A!!/
99,Mouwasat,,193.60,500,-1.30,-0.67,52,"10,573",193.60,600,193.80,/wps/portal/tadawul/market-participants/issuers/issuers-directory/company-details/!ut/p/z1/04_Sj9CPykssy0xPLMnMz0vMAfIjo8zi_Tx8nD0MLIy83V1DjA0czVx8nYP8PI0MDAz0I4EKzBEKDEJDLYEKjJ0DA11MjQzcTfW99KPSc_KTIGZllJQUWKkaqBqUJKYklpfmqBroRyXn5xYk5lUGV-Ym5QMVmRgYGOmHEzK1IDsop6zSUREAFZWhcA!!/
100,Care,,62.50,210,0.63,1.02,223,"147,124",62.50,"4,790",62.60,/wps/portal/tadawul/market-participants/issuers/issuers-directory/company-details/!ut/p/z1/04_Sj9CPykssy0xPLMnMz0vMAfIjo8zi_Tx8nD0MLIy83V1DjA0czVx8nYP8PI0MDAz0I4EKzBEKDEJDLYEKjJ0DA11MjQzcTfW99KPSc_KTIGZllJQUWKkaqBqUJKYklpfmqBroRyXn5xYk5lUGV-Ym5QMVmRgYmOqHEzK1IDsop6zSUREAtVOrfg!!/
101,Saudi German Hosptl,,57.60,175,0.22,0.38,158,"135,608",57.50,"2,626",57.70,/wps/portal/tadawul/market-participants/issuers/issuers-directory/company-details/!ut/p/z1/04_Sj9CPykssy0xPLMnMz0vMAfIjo8zi_Tx8nD0MLIy83V1DjA0czVx8nYP8PI0MDAz0I4EKzBEKDEJDLYEKjJ0DA11MjQzcTfW99KPSc_KTIGZllJQUWKkaqBqUJKYklpfmqBroRyXn5xYk5lUGV-Ym5QMVmRgYWOqHEzK1IDsop6zSUREAAzOZ7A!!/
102,SPIMACO,,30.60,"1,500",-0.84,-2.67,236,"143,860",30.60,"1,091",30.70,/wps/portal/tadawul/market-participants/issuers/issuers-directory/company-details/!ut/p/z1/04_Sj9CPykssy0xPLMnMz0vMAfIjo8zi_Tx8nD0MLIy83V1DjA0czVx8nYP8PI0MDAz0I4EKzBEKDEJDLYEKjJ0DA11MjQzcTfW99KPSc_KTIGZllJQUWKkaqBqUJKYklpfmqBroRyXn5xYk5lUGV-Ym5QMVGRmYG-iHEzK1IDsop6zSUREA5o6a8w!!/
103,BJAZ,,13.02,"2,000",-0.07,-0.53,"4,423","25,298,180",13.02,"9,098",13.04,/wps/portal/tadawul/market-participants/issuers/issuers-directory/company-details/!ut/p/z1/04_Sj9CPykssy0xPLMnMz0vMAfIjo8zi_Tx8nD0MLIy83V1DjA0czVx8nYP8PI0MDAz0I4EKzBEKDEJDLYEKjJ0DA11MjQzcTfW99KPSc_KTIGZllJQUWKkaqBqUJKYklpfmqBroRyXn5xYk5lUGV-Ym5QMVGRoYGeiHEzK1IDsop6zSUREAuftI8Q!!/
104,ALAWWAL,,12.96,500,0.21,1.65,141,"423,402",12.96,"1,071",12.98,/wps/portal/tadawul/market-participants/issuers/issuers-directory/company-details/!ut/p/z1/04_Sj9CPykssy0xPLMnMz0vMAfIjo8zi_Tx8nD0MLIy83V1DjA0czVx8nYP8PI0MDAz0I4EKzBEKDEJDLYEKjJ0DA11MjQzcTfW99KPSc_KTIGZllJQUWKkaqBqUJKYklpfmqBroRyXn5xYk5lUGV-Ym5QMVGRqYGOiHEzK1IDsop6zSUREA9Wq4DQ!!/
105,SABB,,33.30,22,0.90,2.80,71,"189,626",33.30,163,33.40,/wps/portal/tadawul/market-participants/issuers/issuers-directory/company-details/!ut/p/z1/04_Sj9CPykssy0xPLMnMz0vMAfIjo8zi_Tx8nD0MLIy83V1DjA0czVx8nYP8PI0MDAz0I4EKzBEKDEJDLYEKjJ0DA11MjQzcTfW99KPSc_KTIGZllJQUWKkaqBqUJKYklpfmqBroRyXn5xYk5lUGV-Ym5QMVGRqYGeiHEzK1IDsop6zSUREAMRroWQ!!/
106,samba,,29.00,5,-0.01,-0.03,193,"845,623",28.90,"2,335",29.00,/wps/portal/tadawul/market-participants/issuers/issuers-directory/company-details/!ut/p/z1/04_Sj9CPykssy0xPLMnMz0vMAfIjo8zi_Tx8nD0MLIy83V1DjA0czVx8nYP8PI0MDAz0I4EKzBEKDEJDLYEKjJ0DA11MjQzcTfW99KPSc_KTIGZllJQUWKkaqBqUJKYklpfmqBroRyXn5xYk5lUGV-Ym5QMVGRpYGuiHEzK1IDsop6zSUREATnYABQ!!/
107,ALBILAD,,24.32,1,-0.13,-0.53,512,"664,644",24.34,120,24.36,/wps/portal/tadawul/market-participants/issuers/issuers-directory/company-details/!ut/p/z1/04_Sj9CPykssy0xPLMnMz0vMAfIjo8zi_Tx8nD0MLIy83V1DjA0czVx8nYP8PI0MDAz0I4EKzBEKDEJDLYEKjJ0DA11MjQzcTfW99KPSc_KTIGZllJQUWKkaqBqUJKYklpfmqBroRyXn5xYk5lUGV-Ym5QMVGRqaGOiHEzK1IDsop6zSUREAuUIurg!!/
108,NCB,,66.80,700,0.06,0.09,203,"290,678",66.80,"4,591",66.90,/wps/portal/tadawul/market-participants/issuers/issuers-directory/company-details/!ut/p/z1/04_Sj9CPykssy0xPLMnMz0vMAfIjo8zi_Tx8nD0MLIy83V1DjA0czVx8nYP8PI0MDAz0I4EKzBEKDEJDLYEKjJ0DA11MjQzcTfW99KPSc_KTIGZllJQUWKkaqBqUJKYklpfmqBroRyXn5xYk5lUGV-Ym5QMVGRpaGOiHEzK1IDsop6zSUREAYGa-jA!!/
109,RIBL,,14.72,2,-0.18,-1.21,141,"539,338",14.72,"8,998",14.74,/wps/portal/tadawul/market-participants/issuers/issuers-directory/company-details/!ut/p/z1/04_Sj9CPykssy0xPLMnMz0vMAfIjo8zi_Tx8nD0MLIy83V1DjA0czVx8nYP8PI0MDAz0I4EKzBEKDEJDLYEKjJ0DA11MjQzcTfW99KPSc_KTIGZllJQUWKkaqBqUJKYklpfmqBroRyXn5xYk5lUGV-Ym5QMVGRoYGuiHEzK1IDsop6zSUREAH7Mwjw!!/
110,saib,,16.86,100,0.12,0.72,60,"120,506",16.84,"2,512",16.86,/wps/portal/tadawul/market-participants/issuers/issuers-directory/company-details/!ut/p/z1/04_Sj9CPykssy0xPLMnMz0vMAfIjo8zi_Tx8nD0MLIy83V1DjA0czVx8nYP8PI0MDAz0I4EKzBEKDEJDLYEKjJ0DA11MjQzcTfW99KPSc_KTIGZllJQUWKkaqBqUJKYklpfmqBroRyXn5xYk5lUGV-Ym5QMVGRoYG-iHEzK1IDsop6zSUREA28Ng2w!!/
111,BSFR,,33.00,"4,500",0.30,0.92,109,"389,254",33.00,"1,386",33.15,/wps/portal/tadawul/market-participants/issuers/issuers-directory/company-details/!ut/p/z1/04_Sj9CPykssy0xPLMnMz0vMAfIjo8zi_Tx8nD0MLIy83V1DjA0czVx8nYP8PI0MDAz0I4EKzBEKDEJDLYEKjJ0DA11MjQzcTfW99KPSc_KTIGZllJQUWKkaqBqUJKYklpfmqBroRyXn5xYk5lUGV-Ym5QMVGRqYGuiHEzK1IDsop6zSUREAl1KQJw!!/
112,ARNB,,31.65,5,-0.33,-1.03,247,"228,785",31.50,"6,000",31.65,/wps/portal/tadawul/market-participants/issuers/issuers-directory/company-details/!ut/p/z1/04_Sj9CPykssy0xPLMnMz0vMAfIjo8zi_Tx8nD0MLIy83V1DjA0czVx8nYP8PI0MDAz0I4EKzBEKDEJDLYEKjJ0DA11MjQzcTfW99KPSc_KTIGZllJQUWKkaqBqUJKYklpfmqBroRyXn5xYk5lUGV-Ym5QMVGRpYGOiHEzK1IDsop6zSUREALE4oLw!!/
113,Al Rajhi,,84.60,583,0.40,0.48,"1,573","1,849,173",84.50,"12,986",84.60,/wps/portal/tadawul/market-participants/issuers/issuers-directory/company-details/!ut/p/z1/04_Sj9CPykssy0xPLMnMz0vMAfIjo8zi_Tx8nD0MLIy83V1DjA0czVx8nYP8PI0MDAz0I4EKzBEKDEJDLYEKjJ0DA11MjQzcTfW99KPSc_KTIGZllJQUWKkaqBqUJKYklpfmqBroRyXn5xYk5lUGV-Ym5QMVGRoaGeiHEzK1IDsop6zSUREA9dPeUg!!/
114,Alinma,,20.94,"7,680",-0.15,-0.71,"2,692","11,377,901",20.94,"266,732",20.96,/wps/portal/tadawul/market-participants/issuers/issuers-directory/company-details/!ut/p/z1/04_Sj9CPykssy0xPLMnMz0vMAfIjo8zi_Tx8nD0MLIy83V1DjA0czVx8nYP8PI0MDAz0I4EKzBEKDEJDLYEKjJ0DA11MjQzcTfW99KPSc_KTIGZllJQUWKkaqBqUJKYklpfmqBroRyXn5xYk5lUGV-Ym5QMVGRqaGuiHEzK1IDsop6zSUREA23oGhA!!/
115,Aseer,,11.82,266,0.08,0.68,153,"232,943",11.74,"2,700",11.82,/wps/portal/tadawul/market-participants/issuers/issuers-directory/company-details/!ut/p/z1/04_Sj9CPykssy0xPLMnMz0vMAfIjo8zi_Tx8nD0MLIy83V1DjA0czVx8nYP8PI0MDAz0I4EKzBEKDEJDLYEKjJ0DA11MjQzcTfW99KPSc_KTIGZllJQUWKkaqBqUJKYklpfmqBroRyXn5xYk5lUGV-Ym5QMVmRhYGOiHEzK1IDsop6zSUREAsr22dA!!/
116,Kingdom,,9.00,20,0.00,0.00,83,"132,316",8.99,"21,388",9.00,/wps/portal/tadawul/market-participants/issuers/issuers-directory/company-details/!ut/p/z1/04_Sj9CPykssy0xPLMnMz0vMAfIjo8zi_Tx8nD0MLIy83V1DjA0czVx8nYP8PI0MDAz0I4EKzBEKDEJDLYEKjJ0DA11MjQzcTfW99KPSc_KTIGZllJQUWKkaqBqUJKYklpfmqBroRyXn5xYk5lUGV-Ym5QMVmRhZGOiHEzK1IDsop6zSUREAa-vr6A!!/
117,SAIC,,13.68,"1,700",0.03,0.22,135,"168,912",13.66,"2,337",13.68,/wps/portal/tadawul/market-participants/issuers/issuers-directory/company-details/!ut/p/z1/04_Sj9CPykssy0xPLMnMz0vMAfIjo8zi_Tx8nD0MLIy83V1DjA0czVx8nYP8PI0MDAz0I4EKzBEKDEJDLYEKjJ0DA11MjQzcTfW99KPSc_KTIGZllJQUWKkaqBqUJKYklpfmqBroRyXn5xYk5lUGV-Ym5QMVGRkaGeiHEzK1IDsop6zSUREAQH-E0g!!/
118,Al-baha,,21.34,380,0.03,0.14,245,"179,491",21.34,"1,350",21.38,/wps/portal/tadawul/market-participants/issuers/issuers-directory/company-details/!ut/p/z1/04_Sj9CPykssy0xPLMnMz0vMAfIjo8zi_Tx8nD0MLIy83V1DjA0czVx8nYP8PI0MDAz0I4EKzBEKDEJDLYEKjJ0DA11MjQzcTfW99KPSc_KTIGZllJQUWKkaqBqUJKYklpfmqBroRyXn5xYk5lUGV-Ym5QMVmRgaG-iHEzK1IDsop6zSUREACRhoIw!!/
119,METLIFE AIG ANB,,0.00,0,0.00,0.00,0,0,10.10,"15,000",23.00,/wps/portal/tadawul/market-participants/issuers/issuers-directory/company-details/!ut/p/z1/04_Sj9CPykssy0xPLMnMz0vMAfIjo8zi_Tx8nD0MLIy83V1DjA0czVx8nYP8PI0MDAz0I4EKzBEKDEJDLYEKjJ0DA11MjQzcTfW99KPSc_KTIGZllJQUWKkaqBqUJKYklpfmqBroRyXn5xYk5lUGV-Ym5QMVWRgYGuqHEzK1IDsop6zSUREAbQ5E_w!!/
120,MALATH INSURANCE,,16.18,"1,235",-0.10,-0.61,510,"466,518",16.16,"1,859",16.22,/wps/portal/tadawul/market-participants/issuers/issuers-directory/company-details/!ut/p/z1/04_Sj9CPykssy0xPLMnMz0vMAfIjo8zi_Tx8nD0MLIy83V1DjA0czVx8nYP8PI0MDAz0I4EKzBEKDEJDLYEKjJ0DA11MjQzcTfW99KPSc_KTIGZllJQUWKkaqBqUJKYklpfmqBroRyXn5xYk5lUGV-Ym5QMVWRgYGeiHEzK1IDsop6zSUREAMLAvxg!!/
121,Allianz SF,,34.15,175,-0.12,-0.35,72,"44,848",34.20,"1,300",34.30,/wps/portal/tadawul/market-participants/issuers/issuers-directory/company-details/!ut/p/z1/04_Sj9CPykssy0xPLMnMz0vMAfIjo8zi_Tx8nD0MLIy83V1DjA0czVx8nYP8PI0MDAz0I4EKzBEKDEJDLYEKjJ0DA11MjQzcTfW99KPSc_KTIGZllJQUWKkaqBqUJKYklpfmqBroRyXn5xYk5lUGV-Ym5QMVWRiYGOiHEzK1IDsop6zSUREAfCHfOg!!/
122,WALAA,,34.20,270,-0.05,-0.15,283,"254,038",34.20,"1,983",34.30,/wps/portal/tadawul/market-participants/issuers/issuers-directory/company-details/!ut/p/z1/04_Sj9CPykssy0xPLMnMz0vMAfIjo8zi_Tx8nD0MLIy83V1DjA0czVx8nYP8PI0MDAz0I4EKzBEKDEJDLYEKjJ0DA11MjQzcTfW99KPSc_KTIGZllJQUWKkaqBqUJKYklpfmqBroRyXn5xYk5lUGV-Ym5QMVWRiYGeiHEzK1IDsop6zSUREAuFGPbg!!/
123,SABB Takaful,,22.52,"3,000",0.08,0.36,176,"115,056",22.52,"3,500",22.54,/wps/portal/tadawul/market-participants/issuers/issuers-directory/company-details/!ut/p/z1/04_Sj9CPykssy0xPLMnMz0vMAfIjo8zi_Tx8nD0MLIy83V1DjA0czVx8nYP8PI0MDAz0I4EKzBEKDEJDLYEKjJ0DA11MjQzcTfW99KPSc_KTIGZllJQUWKkaqBqUJKYklpfmqBroRyXn5xYk5lUGV-Ym5QMVWRhYGOiHEzK1IDsop6zSUREApQVPGA!!/
124,WAFA Insurance,,15.82,963,-0.01,-0.06,206,"151,042",15.84,"4,300",15.88,/wps/portal/tadawul/market-participants/issuers/issuers-directory/company-details/!ut/p/z1/04_Sj9CPykssy0xPLMnMz0vMAfIjo8zi_Tx8nD0MLIy83V1DjA0czVx8nYP8PI0MDAz0I4EKzBEKDEJDLYEKjJ0DA11MjQzcTfW99KPSc_KTIGZllJQUWKkaqBqUJKYklpfmqBroRyXn5xYk5lUGV-Ym5QMVWRgaGuiHEzK1IDsop6zSUREA2tDBGw!!/
125,ATC,,32.70,53,0.01,0.03,133,"71,974",32.65,787,32.70,/wps/portal/tadawul/market-participants/issuers/issuers-directory/company-details/!ut/p/z1/04_Sj9CPykssy0xPLMnMz0vMAfIjo8zi_Tx8nD0MLIy83V1DjA0czVx8nYP8PI0MDAz0I4EKzBEKDEJDLYEKjJ0DA11MjQzcTfW99KPSc_KTIGZllJQUWKkaqBqUJKYklpfmqBroRyXn5xYk5lUGV-Ym5QMVWRgaG-iHEzK1IDsop6zSUREAHqCRTw!!/
126,ACIG,,20.98,"1,850",-0.20,-0.94,226,"211,622",20.94,982,20.98,/wps/portal/tadawul/market-participants/issuers/issuers-directory/company-details/!ut/p/z1/04_Sj9CPykssy0xPLMnMz0vMAfIjo8zi_Tx8nD0MLIy83V1DjA0czVx8nYP8PI0MDAz0I4EKzBEKDEJDLYEKjJ0DA11MjQzcTfW99KPSc_KTIGZllJQUWKkaqBqUJKYklpfmqBroRyXn5xYk5lUGV-Ym5QMVWRiaGuiHEzK1IDsop6zSUREAUjFhsw!!/
127,Trade Union,,22.90,4,0.27,1.19,283,"217,793",22.92,"1,300",22.98,/wps/portal/tadawul/market-participants/issuers/issuers-directory/company-details/!ut/p/z1/04_Sj9CPykssy0xPLMnMz0vMAfIjo8zi_Tx8nD0MLIy83V1DjA0czVx8nYP8PI0MDAz0I4EKzBEKDEJDLYEKjJ0DA11MjQzcTfW99KPSc_KTIGZllJQUWKkaqBqUJKYklpfmqBroRyXn5xYk5lUGV-Ym5QMVWRiaG-iHEzK1IDsop6zSUREAlkEx5w!!/
128,U C A,,12.70,150,0.09,0.71,65,"63,013",12.64,"1,785",12.68,/wps/portal/tadawul/market-participants/issuers/issuers-directory/company-details/!ut/p/z1/04_Sj9CPykssy0xPLMnMz0vMAfIjo8zi_Tx8nD0MLIy83V1DjA0czVx8nYP8PI0MDAz0I4EKzBEKDEJDLYEKjJ0DA11MjQzcTfW99KPSc_KTIGZllJQUWKkaqBqUJKYklpfmqBroRyXn5xYk5lUGV-Ym5QMVWRhaGuiHEzK1IDsop6zSUREAixXxkQ!!/
129,Bupa Arabia,,109.80,22,-0.04,-0.04,124,"90,128",109.20,"2,037",109.80,/wps/portal/tadawul/market-participants/issuers/issuers-directory/company-details/!ut/p/z1/04_Sj9CPykssy0xPLMnMz0vMAfIjo8zi_Tx8nD0MLIy83V1DjA0czVx8nYP8PI0MDAz0I4EKzBEKDEJDLYEKjJ0DA11MjQzcTfW99KPSc_KTIGZllJQUWKkaqBqUJKYklpfmqBroRyXn5xYk5lUGV-Ym5QMVWRgZGuiHEzK1IDsop6zSUREAT64KJA!!/
130,CHUBB,,25.45,"1,000",0.77,3.12,750,"614,504",25.45,"1,075",25.50,/wps/portal/tadawul/market-participants/issuers/issuers-directory/company-details/!ut/p/z1/04_Sj9CPykssy0xPLMnMz0vMAfIjo8zi_Tx8nD0MLIy83V1DjA0czVx8nYP8PI0MDAz0I4EKzBEKDEJDLYEKjJ0DA11MjQzcTfW99KPSc_KTIGZllJQUWKkaqBqUJKYklpfmqBroRyXn5xYk5lUGV-Ym5QMVWRiZGOiHEzK1IDsop6zSUREApXeCpg!!/
131,Gulf General,,17.14,200,0.17,1.00,184,"194,537",17.12,"5,541",17.14,/wps/portal/tadawul/market-participants/issuers/issuers-directory/company-details/!ut/p/z1/04_Sj9CPykssy0xPLMnMz0vMAfIjo8zi_Tx8nD0MLIy83V1DjA0czVx8nYP8PI0MDAz0I4EKzBEKDEJDLYEKjJ0DA11MjQzcTfW99KPSc_KTIGZllJQUWKkaqBqUJKYklpfmqBroRyXn5xYk5lUGV-Ym5QMVWRiZGeiHEzK1IDsop6zSUREAYQfS8g!!/
132,Al Alamiya,,30.40,7,0.30,1.00,215,"86,987",30.40,13,30.50,/wps/portal/tadawul/market-participants/issuers/issuers-directory/company-details/!ut/p/z1/04_Sj9CPykssy0xPLMnMz0vMAfIjo8zi_Tx8nD0MLIy83V1DjA0czVx8nYP8PI0MDAz0I4EKzBEKDEJDLYEKjJ0DA11MjQzcTfW99KPSc_KTIGZllJQUWKkaqBqUJKYklpfmqBroRyXn5xYk5lUGV-Ym5QMVWRhZGOiHEzK1IDsop6zSUREAfFMShA!!/
133,Wataniya,,29.05,80,-0.11,-0.38,154,"87,299",29.05,797,29.15,/wps/portal/tadawul/market-participants/issuers/issuers-directory/company-details/!ut/p/z1/04_Sj9CPykssy0xPLMnMz0vMAfIjo8zi_Tx8nD0MLIy83V1DjA0czVx8nYP8PI0MDAz0I4EKzBEKDEJDLYEKjJ0DA11MjQzcTfW99KPSc_KTIGZllJQUWKkaqBqUJKYklpfmqBroRyXn5xYk5lUGV-Ym5QMVWRgDTQ0nZGpBdlBOWaWjIgBhvrSt/
134,Enaya,,15.68,1,0.01,0.06,89,"57,478",15.62,"1,527",15.68,/wps/portal/tadawul/market-participants/issuers/issuers-directory/company-details/!ut/p/z1/04_Sj9CPykssy0xPLMnMz0vMAfIjo8zi_Tx8nD0MLIy83V1DjA0czVx8nYP8PI0MDAz0I4EKzBEKDEJDLYEKjJ0DA11MjQzcTfW99KPSc_KTIGZllJQUWKkaqBqUJKYklpfmqBroRyXn5xYk5lUGV-Ym5QMVWRgbGuqHEzK1IDsop6zSUREA-HCPwA!!/
135,Tawuniya,,80.40,45,0.65,0.82,150,"131,314",80.30,598,80.40,/wps/portal/tadawul/market-participants/issuers/issuers-directory/company-details/!ut/p/z1/04_Sj9CPykssy0xPLMnMz0vMAfIjo8zi_Tx8nD0MLIy83V1DjA0czVx8nYP8PI0MDAz0I4EKzBEKDEJDLYEKjJ0DA11MjQzcTfW99KPSc_KTIGZllJQUWKkaqBqUJKYklpfmqBroRyXn5xYk5lUGV-Ym5QMVWRgYGuiHEzK1IDsop6zSUREAlvhXuA!!/
136,Jazira Takaful,,24.50,10,0.13,0.53,183,"150,781",24.50,"2,290",24.54,/wps/portal/tadawul/market-participants/issuers/issuers-directory/company-details/!ut/p/z1/04_Sj9CPykssy0xPLMnMz0vMAfIjo8zi_Tx8nD0MLIy83V1DjA0czVx8nYP8PI0MDAz0I4EKzBEKDEJDLYEKjJ0DA11MjQzcTfW99KPSc_KTIGZllJQUWKkaqBqUJKYklpfmqBroRyXn5xYk5lUGV-Ym5QMVWRgYGumHEzK1IDsop6zSUREAYBVwNg!!/
137,MEDGULF,,26.10,362,-0.09,-0.34,175,"70,919",26.10,93,26.15,/wps/portal/tadawul/market-participants/issuers/issuers-directory/company-details/!ut/p/z1/04_Sj9CPykssy0xPLMnMz0vMAfIjo8zi_Tx8nD0MLIy83V1DjA0czVx8nYP8PI0MDAz0I4EKzBEKDEJDLYEKjJ0DA11MjQzcTfW99KPSc_KTIGZllJQUWKkaqBqUJKYklpfmqBroRyXn5xYk5lUGV-Ym5QMVWRgYG-iHEzK1IDsop6zSUREAUogH7A!!/
138,Salama,,26.65,1,0.19,0.72,178,"165,506",26.65,665,26.70,/wps/portal/tadawul/market-participants/issuers/issuers-directory/company-details/!ut/p/z1/04_Sj9CPykssy0xPLMnMz0vMAfIjo8zi_Tx8nD0MLIy83V1DjA0czVx8nYP8PI0MDAz0I4EKzBEKDEJDLYEKjJ0DA11MjQzcTfW99KPSc_KTIGZllJQUWKkaqBqUJKYklpfmqBroRyXn5xYk5lUGV-Ym5QMVWRiYGuiHEzK1IDsop6zSUREAHhn3EA!!/
139,Arabian Shield,,46.55,600,-0.19,-0.41,106,"81,797",46.50,"1,710",46.60,/wps/portal/tadawul/market-participants/issuers/issuers-directory/company-details/!ut/p/z1/04_Sj9CPykssy0xPLMnMz0vMAfIjo8zi_Tx8nD0MLIy83V1DjA0czVx8nYP8PI0MDAz0I4EKzBEKDEJDLYEKjJ0DA11MjQzcTfW99KPSc_KTIGZllJQUWKkaqBqUJKYklpfmqBroRyXn5xYk5lUGV-Ym5QMVWRiYG-iHEzK1IDsop6zSUREA2mmnRA!!/
140,SAICO,,20.70,736,0.59,2.93,872,"765,279",20.70,"1,741",20.72,/wps/portal/tadawul/market-participants/issuers/issuers-directory/company-details/!ut/p/z1/04_Sj9CPykssy0xPLMnMz0vMAfIjo8zi_Tx8nD0MLIy83V1DjA0czVx8nYP8PI0MDAz0I4EKzBEKDEJDLYEKjJ0DA11MjQzcTfW99KPSc_KTIGZllJQUWKkaqBqUJKYklpfmqBroRyXn5xYk5lUGV-Ym5QMVWRgCTQ0nZGpBdlBOWaWjIgC46Okx/
141,Gulf Union,,17.42,1,0.01,0.06,154,"127,096",17.42,"3,839",17.44,/wps/portal/tadawul/market-participants/issuers/issuers-directory/company-details/!ut/p/z1/04_Sj9CPykssy0xPLMnMz0vMAfIjo8zi_Tx8nD0MLIy83V1DjA0czVx8nYP8PI0MDAz0I4EKzBEKDEJDLYEKjJ0DA11MjQzcTfW99KPSc_KTIGZllJQUWKkaqBqUJKYklpfmqBroRyXn5xYk5lUGV-Ym5QMVWRgaGeiHEzK1IDsop6zSUREAfJi5ZQ!!/
142,Al-Ahlia,,12.00,100,0.21,1.79,417,"468,856",11.94,"1,400",12.00,/wps/portal/tadawul/market-participants/issuers/issuers-directory/company-details/!ut/p/z1/04_Sj9CPykssy0xPLMnMz0vMAfIjo8zi_Tx8nD0MLIy83V1DjA0czVx8nYP8PI0MDAz0I4EKzBEKDEJDLYEKjJ0DA11MjQzcTfW99KPSc_KTIGZllJQUWKkaqBqUJKYklpfmqBroRyXn5xYk5lUGV-Ym5QMVWRiaGOiHEzK1IDsop6zSUREAMAlJmQ!!/
143,AICC,,18.50,"1,270",0.99,5.65,664,"759,003",18.46,"2,655",18.50,/wps/portal/tadawul/market-participants/issuers/issuers-directory/company-details/!ut/p/z1/04_Sj9CPykssy0xPLMnMz0vMAfIjo8zi_Tx8nD0MLIy83V1DjA0czVx8nYP8PI0MDAz0I4EKzBEKDEJDLYEKjJ0DA11MjQzcTfW99KPSc_KTIGZllJQUWKkaqBqUJKYklpfmqBroRyXn5xYk5lUGV-Ym5QMVWRiaGeiHEzK1IDsop6zSUREA9HkZzQ!!/
144,Sagr Insurance,,25.40,100,0.59,2.37,603,"418,938",25.40,"1,285",25.45,/wps/portal/tadawul/market-participants/issuers/issuers-directory/company-details/!ut/p/z1/04_Sj9CPykssy0xPLMnMz0vMAfIjo8zi_Tx8nD0MLIy83V1DjA0czVx8nYP8PI0MDAz0I4EKzBEKDEJDLYEKjJ0DA11MjQzcTfW99KPSc_KTIGZllJQUWKkaqBqUJKYklpfmqBroRyXn5xYk5lUGV-Ym5QMVWRhaGOiHEzK1IDsop6zSUREA6S3Zuw!!/
145,Saudi Re,,8.99,270,0.00,0.00,294,"858,971",8.99,"23,980",9.00,/wps/portal/tadawul/market-participants/issuers/issuers-directory/company-details/!ut/p/z1/04_Sj9CPykssy0xPLMnMz0vMAfIjo8zi_Tx8nD0MLIy83V1DjA0czVx8nYP8PI0MDAz0I4EKzBEKDEJDLYEKjJ0DA11MjQzcTfW99KPSc_KTIGZllJQUWKkaqBqUJKYklpfmqBroRyXn5xYk5lUGV-Ym5QMVWQCN1Q8nZGpBdlBOWaWjIgAtliIO/
146,AlRajhi Takaful,,80.50,"3,000",-1.29,-1.58,262,"69,689",80.50,"1,578",80.60,/wps/portal/tadawul/market-participants/issuers/issuers-directory/company-details/!ut/p/z1/04_Sj9CPykssy0xPLMnMz0vMAfIjo8zi_Tx8nD0MLIy83V1DjA0czVx8nYP8PI0MDAz0I4EKzBEKDEJDLYEKjJ0DA11MjQzcTfW99KPSc_KTIGZllJQUWKkaqBqUJKYklpfmqBroRyXn5xYk5lUGV-Ym5QMVWRgZG-iHEzK1IDsop6zSUREAi95acA!!/
147,AXA Cooperative,,28.00,133,-0.61,-2.13,360,"311,710",28.00,567,28.05,/wps/portal/tadawul/market-participants/issuers/issuers-directory/company-details/!ut/p/z1/04_Sj9CPykssy0xPLMnMz0vMAfIjo8zi_Tx8nD0MLIy83V1DjA0czVx8nYP8PI0MDAz0I4EKzBEKDEJDLYEKjJ0DA11MjQzcTfW99KPSc_KTIGZllJQUWKkaqBqUJKYklpfmqBroRyXn5xYk5lUGV-Ym5QMVWRiZGuiHEzK1IDsop6zSUREAx0-qjA!!/
148,Buruj,,33.95,3,-0.05,-0.15,108,"63,026",33.95,69,34.00,/wps/portal/tadawul/market-participants/issuers/issuers-directory/company-details/!ut/p/z1/04_Sj9CPykssy0xPLMnMz0vMAfIjo8zi_Tx8nD0MLIy83V1DjA0czVx8nYP8PI0MDAz0I4EKzBEKDEJDLYEKjJ0DA11MjQzcTfW99KPSc_KTIGZllJQUWKkaqBqUJKYklpfmqBroRyXn5xYk5lUGV-Ym5QMVWRiZG-iHEzK1IDsop6zSUREAAz_62A!!/
149,Solidarity,,22.52,50,0.13,0.58,215,"207,087",22.50,"7,800",22.52,/wps/portal/tadawul/market-participants/issuers/issuers-directory/company-details/!ut/p/z1/04_Sj9CPykssy0xPLMnMz0vMAfIjo8zi_Tx8nD0MLIy83V1DjA0czVx8nYP8PI0MDAz0I4EKzBEKDEJDLYEKjJ0DA11MjQzcTfW99KPSc_KTIGZllJQUWKkaqBqUJKYklpfmqBroRyXn5xYk5lUGV-Ym5QMVWRhZGuiHEzK1IDsop6zSUREAHms6rg!!/
150,Amana Insurance,,19.60,500,0.11,0.56,227,"254,127",19.52,"1,019",19.60,/wps/portal/tadawul/market-participants/issuers/issuers-directory/company-details/!ut/p/z1/04_Sj9CPykssy0xPLMnMz0vMAfIjo8zi_Tx8nD0MLIy83V1DjA0czVx8nYP8PI0MDAz0I4EKzBEKDEJDLYEKjJ0DA11MjQzcTfW99KPSc_KTIGZllJQUWKkaqBqUJKYklpfmqBroRyXn5xYk5lUGV-Ym5QMVWRgbGuiHEzK1IDsop6zSUREAA4achw!!/
151,Alinma Tokio M,,24.82,"1,384",0.03,0.12,83,"67,226",24.80,"2,837",24.82,/wps/portal/tadawul/market-participants/issuers/issuers-directory/company-details/!ut/p/z1/04_Sj9CPykssy0xPLMnMz0vMAfIjo8zi_Tx8nD0MLIy83V1DjA0czVx8nYP8PI0MDAz0I4EKzBEKDEJDLYEKjJ0DA11MjQzcTfW99KPSc_KTIGZllJQUWKkaqBqUJKYklpfmqBroRyXn5xYk5lUGV-Ym5QMVWRgbGumHEzK1IDsop6zSUREA9Wu7CQ!!/
152,STC,,83.80,10,-0.90,-1.06,184,"119,603",83.80,"1,607",83.90,/wps/portal/tadawul/market-participants/issuers/issuers-directory/company-details/!ut/p/z1/04_Sj9CPykssy0xPLMnMz0vMAfIjo8zi_Tx8nD0MLIy83V1DjA0czVx8nYP8PI0MDAz0I4EKzBEKDEJDLYEKjJ0DA11MjQzcTfW99KPSc_KTIGZllJQUWKkaqBqUJKYklpfmqBroRyXn5xYk5lUGV-Ym5QMVmRsYGuiHEzK1IDsop6zSUREANOz0VA!!/
153,ZAIN KSA,,7.75,500,0.13,1.71,"1,912","7,048,699",7.75,"10,088",7.76,/wps/portal/tadawul/market-participants/issuers/issuers-directory/company-details/!ut/p/z1/04_Sj9CPykssy0xPLMnMz0vMAfIjo8zi_Tx8nD0MLIy83V1DjA0czVx8nYP8PI0MDAz0I4EKzBEKDEJDLYEKjJ0DA11MjQzcTfW99KPSc_KTIGZllJQUWKkaqBqUJKYklpfmqBroRyXn5xYk5lUGV-Ym5QMVmRsYG-iHEzK1IDsop6zSUREA8JykAA!!/
154,Etihad Etisalat,,15.50,365,-0.10,-0.64,687,"1,188,808",15.48,"13,500",15.50,/wps/portal/tadawul/market-participants/issuers/issuers-directory/company-details/!ut/p/z1/04_Sj9CPykssy0xPLMnMz0vMAfIjo8zi_Tx8nD0MLIy83V1DjA0czVx8nYP8PI0MDAz0I4EKzBEKDEJDLYEKjJ0DA11MjQzcTfW99KPSc_KTIGZllJQUWKkaqBqUJKYklpfmqBroRyXn5xYk5lUGV-Ym5QMVmRsYGeiHEzK1IDsop6zSUREAkqSMKg!!/
155,Atheeb Telecom,,5.84,15,0.01,0.17,309,"493,520",5.83,"31,014",5.84,/wps/portal/tadawul/market-participants/issuers/issuers-directory/company-details/!ut/p/z1/04_Sj9CPykssy0xPLMnMz0vMAfIjo8zi_Tx8nD0MLIy83V1DjA0czVx8nYP8PI0MDAz0I4EKzBEKDEJDLYEKjJ0DA11MjQzcTfW99KPSc_KTIGZllJQUWKkaqBqUJKYklpfmqBroRyXn5xYk5lUGV-Ym5QMVmRuYGOiHEzK1IDsop6zSUREA3jV81g!!/
156,GASCO,,30.25,7,-0.02,-0.07,70,"40,449",30.20,156,30.25,/wps/portal/tadawul/market-participants/issuers/issuers-directory/company-details/!ut/p/z1/04_Sj9CPykssy0xPLMnMz0vMAfIjo8zi_Tx8nD0MLIy83V1DjA0czVx8nYP8PI0MDAz0I4EKzBEKDEJDLYEKjJ0DA11MjQzcTfW99KPSc_KTIGZllJQUWKkaqBqUJKYklpfmqBroRyXn5xYk5lUGV-Ym5QMVGRlYGOiHEzK1IDsop6zSUREAmeJyrw!!/
157,Saudi Electric.,,21.72,"6,720",0.26,1.21,602,"1,527,929",21.72,"5,888",21.74,/wps/portal/tadawul/market-participants/issuers/issuers-directory/company-details/!ut/p/z1/04_Sj9CPykssy0xPLMnMz0vMAfIjo8zi_Tx8nD0MLIy83V1DjA0czVx8nYP8PI0MDAz0I4EKzBEKDEJDLYEKjJ0DA11MjQzcTfW99KPSc_KTIGZllJQUWKkaqBqUJKYklpfmqBroRyXn5xYk5lUGV-Ym5QMVmRoaGuiHEzK1IDsop6zSUREAXvPxCA!!/
158,RIYAD REIT,,8.95,"5,000",-0.04,-0.44,91,"109,660",8.95,"4,050",8.96,/wps/portal/tadawul/market-participants/issuers/issuers-directory/company-details/!ut/p/z1/04_Sj9CPykssy0xPLMnMz0vMAfIjo8zi_Tx8nD0MLIy83V1DjA0czVx8nYP8PI0MDAz0I4EKzBEKDEJDLYEKjJ0DA11MjQzcTfW99KPSc_KTIGZllJQUWKkaqBqUJKYklpfmqBroRyXn5xYk5lUGV-Ym5QMVmRgbG-iHEzK1IDsop6zSUREA0E41vw!!/
159,JADWA REIT ALHARAMAIN,,8.74,"1,000",-0.07,-0.80,111,"128,055",8.73,"3,846",8.74,/wps/portal/tadawul/market-participants/issuers/issuers-directory/company-details/!ut/p/z1/04_Sj9CPykssy0xPLMnMz0vMAfIjo8zi_Tx8nD0MLIy83V1DjA0czVx8nYP8PI0MDAz0I4EKzBEKDEJDLYEKjJ0DA11MjQzcTfW99KPSc_KTIGZllJQUWKkaqBqUJKYklpfmqBroRyXn5xYk5lUGV-Ym5QMVmRgbG-mHEzK1IDsop6zSUREAJqMSMQ!!/
160,AL MAATHER REIT,,8.02,10,0.00,0.00,55,"173,956",8.02,"4,631",8.03,/wps/portal/tadawul/market-participants/issuers/issuers-directory/company-details/!ut/p/z1/04_Sj9CPykssy0xPLMnMz0vMAfIjo8zi_Tx8nD0MLIy83V1DjA0czVx8nYP8PI0MDAz0I4EKzBEKDEJDLYEKjJ0DA11MjQzcTfW99KPSc_KTIGZllJQUWKkaqBqUJKYklpfmqBroRyXn5xYk5lUGV-Ym5QMVmRgbm-iHEzK1IDsop6zSUREAfZMLeA!!/
161,MULKIA REIT,,8.06,549,-0.13,-1.59,179,"179,285",8.06,451,8.08,/wps/portal/tadawul/market-participants/issuers/issuers-directory/company-details/!ut/p/z1/04_Sj9CPykssy0xPLMnMz0vMAfIjo8zi_Tx8nD0MLIy83V1DjA0czVx8nYP8PI0MDAz0I4EKzBEKDEJDLYEKjJ0DA11MjQzcTfW99KPSc_KTIGZllJQUWKkaqBqUJKYklpfmqBroRyXn5xYk5lUGV-Ym5QMVmRgbm-mHEzK1IDsop6zSUREAi34s9g!!/
162,ALAHLI REIT 1,,8.71,"1,000",-0.09,-1.02,163,"276,221",8.70,"59,397",8.71,/wps/portal/tadawul/market-participants/issuers/issuers-directory/company-details/!ut/p/z1/04_Sj9CPykssy0xPLMnMz0vMAfIjo8zi_Tx8nD0MLIy83V1DjA0czVx8nYP8PI0MDAz0I4EKzBEKDEJDLYEKjJ0DA11MjQzcTfW99KPSc_KTIGZllJQUWKkaqBqUJKYklpfmqBroRyXn5xYk5lUGV-Ym5QMVmRgbW-iHEzK1IDsop6zSUREAy_M56g!!/
163,Al RAJHI REIT,,8.95,566,0.00,0.00,138,"83,539",8.95,"9,773",8.96,/wps/portal/tadawul/market-participants/issuers/issuers-directory/company-details/!ut/p/z1/04_Sj9CPykssy0xPLMnMz0vMAfIjo8zi_Tx8nD0MLIy83V1DjA0czVx8nYP8PI0MDAz0I4EKzBEKDEJDLYEKjJ0DA11MjQzcTfW99KPSc_KTIGZllJQUWKkaqBqUJKYklpfmqBroRyXn5xYk5lUGV-Ym5QMVmRibGOiHEzK1IDsop6zSUREA_uftaQ!!/
164,ALJAZIRA REIT,,15.00,"2,402",-0.08,-0.53,188,"142,808",15.00,948,15.02,/wps/portal/tadawul/market-participants/issuers/issuers-directory/company-details/!ut/p/z1/04_Sj9CPykssy0xPLMnMz0vMAfIjo8zi_Tx8nD0MLIy83V1DjA0czVx8nYP8PI0MDAz0I4EKzBEKDEJDLYEKjJ0DA11MjQzcTfW99KPSc_KTIGZllJQUWKkaqBqUJKYklpfmqBroRyXn5xYk5lUGV-Ym5QMVmRgbG-qHEzK1IDsop6zSUREAK7gm-A!!/
165,TALEEM REIT,,10.54,15,-0.05,-0.47,74,"107,215",10.52,"1,450",10.54,/wps/portal/tadawul/market-participants/issuers/issuers-directory/company-details/!ut/p/z1/04_Sj9CPykssy0xPLMnMz0vMAfIjo8zi_Tx8nD0MLIy83V1DjA0czVx8nYP8PI0MDAz0I4EKzBEKDEJDLYEKjJ0DA11MjQzcTfW99KPSc_KTIGZllJQUWKkaqBqUJKYklpfmqBroRyXn5xYk5lUGV-Ym5QMVmRgbG-uHEzK1IDsop6zSUREA3VUBdg!!/
166,MUSHARAKA REIT,,8.67,"5,726",0.01,0.12,53,"33,586",8.67,"5,274",8.70,/wps/portal/tadawul/market-participants/issuers/issuers-directory/company-details/!ut/p/z1/04_Sj9CPykssy0xPLMnMz0vMAfIjo8zi_Tx8nD0MLIy83V1DjA0czVx8nYP8PI0MDAz0I4EKzBEKDEJDLYEKjJ0DA11MjQzcTfW99KPSc_KTIGZllJQUWKkaqBqUJKYklpfmqBroRyXn5xYk5lUGV-Ym5QMVmRgbm-qHEzK1IDsop6zSUREAhmUYPw!!/
167,MASHAAR REIT,,8.02,"7,296",-0.03,-0.37,48,"45,353",8.03,850,8.04,/wps/portal/tadawul/market-participants/issuers/issuers-directory/company-details/!ut/p/z1/04_Sj9CPykssy0xPLMnMz0vMAfIjo8zi_Tx8nD0MLIy83V1DjA0czVx8nYP8PI0MDAz0I4EKzBEKDEJDLYEKjJ0DA11MjQzcTfW99KPSc_KTIGZllJQUWKkaqBqUJKYklpfmqBroRyXn5xYk5lUGV-Ym5QMVmRgbm-uHEzK1IDsop6zSUREAcIg_sQ!!/
168,DERAYAH REIT,,8.09,100,0.01,0.12,179,"280,172",8.09,"53,598",8.10,/wps/portal/tadawul/market-participants/issuers/issuers-directory/company-details/!ut/p/z1/04_Sj9CPykssy0xPLMnMz0vMAfIjo8zi_Tx8nD0MLIy83V1DjA0czVx8nYP8PI0MDAz0I4EKzBEKDEJDLYEKjJ0DA11MjQzcTfW99KPSc_KTIGZllJQUWKkaqBqUJKYklpfmqBroRyXn5xYk5lUGV-Ym5QMVmRgbW-qHEzK1IDsop6zSUREAMAUqrQ!!/
169,JADWA REIT SAUDI,,9.75,250,0.01,0.10,51,"8,831",9.75,"6,000",9.76,/wps/portal/tadawul/market-participants/issuers/issuers-directory/company-details/!ut/p/z1/04_Sj9CPykssy0xPLMnMz0vMAfIjo8zi_Tx8nD0MLIy83V1DjA0czVx8nYP8PI0MDAz0I4EKzBEKDEJDLYEKjJ0DA11MjQzcTfW99KPSc_KTIGZllJQUWKkaqBqUJKYklpfmqBroRyXn5xYk5lUGV-Ym5QMVmRibGOmHEzK1IDsop6zSUREACArK5w!!/
170,SRECO,,22.80,186,-0.17,-0.74,137,"139,015",22.82,158,22.86,/wps/portal/tadawul/market-participants/issuers/issuers-directory/company-details/!ut/p/z1/04_Sj9CPykssy0xPLMnMz0vMAfIjo8zi_Tx8nD0MLIy83V1DjA0czVx8nYP8PI0MDAz0I4EKzBEKDEJDLYEKjJ0DA11MjQzcTfW99KPSc_KTIGZllJQUWKkaqBqUJKYklpfmqBroRyXn5xYk5lUGV-Ym5QMVmRgYGeiHEzK1IDsop6zSUREAJwjWqg!!/
171,MCDC,,75.00,133,0.42,0.56,201,"79,796",74.90,"5,286",75.00,/wps/portal/tadawul/market-participants/issuers/issuers-directory/company-details/!ut/p/z1/04_Sj9CPykssy0xPLMnMz0vMAfIjo8zi_Tx8nD0MLIy83V1DjA0czVx8nYP8PI0MDAz0I4EKzBEKDEJDLYEKjJ0DA11MjQzcTfW99KPSc_KTIGZllJQUWKkaqBqUJKYklpfmqBroRyXn5xYk5lUGV-Ym5QMVmRgCTQ0nZGpBdlBOWaWjIgCvUBBd/
172,Emaar EC,,13.44,25,-0.12,-0.88,436,"1,084,627",13.44,"36,873",13.48,/wps/portal/tadawul/market-participants/issuers/issuers-directory/company-details/!ut/p/z1/04_Sj9CPykssy0xPLMnMz0vMAfIjo8zi_Tx8nD0MLIy83V1DjA0czVx8nYP8PI0MDAz0I4EKzBEKDEJDLYEKjJ0DA11MjQzcTfW99KPSc_KTIGZllJQUWKkaqBqUJKYklpfmqBroRyXn5xYk5lUGV-Ym5QMVmRgZGeiHEzK1IDsop6zSUREA_l6LNg!!/
173,Jabal Omar,,47.30,237,0.00,0.00,663,"653,283",47.30,"2,406",47.35,/wps/portal/tadawul/market-participants/issuers/issuers-directory/company-details/!ut/p/z1/04_Sj9CPykssy0xPLMnMz0vMAfIjo8zi_Tx8nD0MLIy83V1DjA0czVx8nYP8PI0MDAz0I4EKzBEKDEJDLYEKjJ0DA11MjQzcTfW99KPSc_KTIGZllJQUWKkaqBqUJKYklpfmqBroRyXn5xYk5lUGV-Ym5QMVmRiZGuiHEzK1IDsop6zSUREA0PdT4A!!/
174,KEC,,12.48,"1,500",-0.03,-0.24,218,"355,288",12.48,"7,878",12.50,/wps/portal/tadawul/market-participants/issuers/issuers-directory/company-details/!ut/p/z1/04_Sj9CPykssy0xPLMnMz0vMAfIjo8zi_Tx8nD0MLIy83V1DjA0czVx8nYP8PI0MDAz0I4EKzBEKDEJDLYEKjJ0DA11MjQzcTfW99KPSc_KTIGZllJQUWKkaqBqUJKYklpfmqBroRyXn5xYk5lUGV-Ym5QMVmRgbGuiHEzK1IDsop6zSUREAFD5l6w!!/
175,Taiba,,31.50,400,0.22,0.70,126,"108,751",31.50,"5,857",31.55,/wps/portal/tadawul/market-participants/issuers/issuers-directory/company-details/!ut/p/z1/04_Sj9CPykssy0xPLMnMz0vMAfIjo8zi_Tx8nD0MLIy83V1DjA0czVx8nYP8PI0MDAz0I4EKzBEKDEJDLYEKjJ0DA11MjQzcTfW99KPSc_KTIGZllJQUWKkaqBqUJKYklpfmqBroRyXn5xYk5lUGV-Ym5QMVmRhYGuiHEzK1IDsop6zSUREA0IWeXg!!/
176,ARDCO,,19.16,500,-0.18,-0.93,269,"181,121",19.14,"1,163",19.16,/wps/portal/tadawul/market-participants/issuers/issuers-directory/company-details/!ut/p/z1/04_Sj9CPykssy0xPLMnMz0vMAfIjo8zi_Tx8nD0MLIy83V1DjA0czVx8nYP8PI0MDAz0I4EKzBEKDEJDLYEKjJ0DA11MjQzcTfW99KPSc_KTIGZllJQUWKkaqBqUJKYklpfmqBroRyXn5xYk5lUGV-Ym5QMVmRiaGuiHEzK1IDsop6zSUREARYmY3w!!/
177,RED SEA,,19.54,605,0.39,2.04,389,"302,220",19.54,"3,569",19.64,/wps/portal/tadawul/market-participants/issuers/issuers-directory/company-details/!ut/p/z1/04_Sj9CPykssy0xPLMnMz0vMAfIjo8zi_Tx8nD0MLIy83V1DjA0czVx8nYP8PI0MDAz0I4EKzBEKDEJDLYEKjJ0DA11MjQzcTfW99KPSc_KTIGZllJQUWKkaqBqUJKYklpfmqBroRyXn5xYk5lUGV-Ym5QMVmRgZG-iHEzK1IDsop6zSUREAnGajHA!!/
178,Dar Al Arkan,,13.76,"2,555",0.07,0.51,"2,449","9,933,135",13.76,"28,153",13.78,/wps/portal/tadawul/market-participants/issuers/issuers-directory/company-details/!ut/p/z1/04_Sj9CPykssy0xPLMnMz0vMAfIjo8zi_Tx8nD0MLIy83V1DjA0czVx8nYP8PI0MDAz0I4EKzBEKDEJDLYEKjJ0DA11MjQzcTfW99KPSc_KTIGZllJQUWKkaqBqUJKYklpfmqBroRyXn5xYk5lUGV-Ym5QMVmRgDTQ0nZGpBdlBOWaWjIgB2Bk3B/
179,ALANDALUS,,23.38,692,0.09,0.39,340,"384,401",23.36,"4,454",23.38,/wps/portal/tadawul/market-participants/issuers/issuers-directory/company-details/!ut/p/z1/04_Sj9CPykssy0xPLMnMz0vMAfIjo8zi_Tx8nD0MLIy83V1DjA0czVx8nYP8PI0MDAz0I4EKzBEKDEJDLYEKjJ0DA11MjQzcTfW99KPSc_KTIGZllJQUWKkaqBqUJKYklpfmqBroRyXn5xYk5lUGV-Ym5QMVmRgbGeiHEzK1IDsop6zSUREAsnYdlQ!!/
